antibody,ab,mouse,antigen,bind,OD,class
anti-A-1,anti-A,1,A,homo,1,Native
anti-A-1,anti-A,1,B,hetero,0.14038433328443597,Native
anti-A-1,anti-A,1,C,hetero,0.36174270206835857,Native
anti-A-1,anti-A,1,D,hetero,0.30467947777614784,Native
anti-A-1,anti-A,1,E,hetero,0.2747542907437289,Native
anti-A-1,anti-A,1,F,hetero,0.3805192900102684,Native
anti-A-1,anti-A,1,G,hetero,0.11104591462520169,Native
anti-A-1,anti-A,1,H,hetero,0.36951738301305553,Native
anti-A-1,anti-A,1,I,hetero,0.353527944843773,Native
anti-A-1,anti-A,1,J,hetero,0.089042100630776,Native
anti-A-1,anti-A,1,K,hetero,0.07789350154026699,Native
anti-A-1,anti-A,1,L,hetero,0.34854041367170313,Native
anti-A-1,anti-A,1,M,hetero,0.06395775267713069,Native
anti-A-1,anti-A,1,N,hetero,0.11456652486430982,Native
anti-A-1,anti-A,1,T,hetero,0.19788763385653513,Native
anti-A-1,anti-A,1,U,hetero,0.4295144491711897,Native
anti-A-1,anti-A,1,CT1,hetero,0.19143318175150362,Centroid
anti-A-1,anti-A,1,CT2,hetero,0.20199501246882795,Centroid
anti-A-1,anti-A,1,CT3,hetero,0.2533372451224879,Centroid
anti-A-1,anti-A,1,CT4,hetero,0.27871497726272554,Centroid
anti-A-1,anti-A,1,RT,hetero,0.0378465600704122,Root
anti-A-1,anti-A,1,CS,hetero,0.10459146252017017,Consense
anti-B-1,anti-B,1,A,hetero,0.5143374584968305,Native
anti-B-1,anti-B,1,B,homo,1,Native
anti-B-1,anti-B,1,C,hetero,0.4108059160881376,Native
anti-B-1,anti-B,1,D,hetero,0.5638394204648354,Native
anti-B-1,anti-B,1,E,hetero,0.46076063990341076,Native
anti-B-1,anti-B,1,F,hetero,0.5333534560821007,Native
anti-B-1,anti-B,1,G,hetero,0.4986417144581949,Native
anti-B-1,anti-B,1,H,hetero,0.4486869906429218,Native
anti-B-1,anti-B,1,I,hetero,0.6823121038333836,Native
anti-B-1,anti-B,1,J,hetero,0.3424388771506187,Native
anti-B-1,anti-B,1,K,hetero,0.543163296106248,Native
anti-B-1,anti-B,1,L,hetero,0.45728946574102014,Native
anti-B-1,anti-B,1,M,hetero,0.44144280108662837,Native
anti-B-1,anti-B,1,N,hetero,0.2959553274977362,Native
anti-B-1,anti-B,1,T,hetero,0.5742529429520072,Native
anti-B-1,anti-B,1,U,hetero,0.5496528825837609,Native
anti-B-1,anti-B,1,CT1,hetero,0.4625716872924841,Centroid
anti-B-1,anti-B,1,CT2,hetero,0.5072441895562934,Centroid
anti-B-1,anti-B,1,CT3,hetero,0.5048294597041955,Centroid
anti-B-1,anti-B,1,CT4,hetero,0.5137337760338061,Centroid
anti-B-1,anti-B,1,RT,hetero,0.3028976758225173,Root
anti-B-1,anti-B,1,CS,hetero,0.5706308481738604,Consense
anti-G-1,anti-G,1,A,hetero,-9.905193151266438e-4,Native
anti-G-1,anti-G,1,B,hetero,0.075279467949625,Native
anti-G-1,anti-G,1,C,hetero,0.008631668317532192,Native
anti-G-1,anti-G,1,D,hetero,0.07839252865430875,Native
anti-G-1,anti-G,1,E,hetero,0.2326305362954577,Native
anti-G-1,anti-G,1,F,hetero,0.07358143483797934,Native
anti-G-1,anti-G,1,G,homo,1,Native
anti-G-1,anti-G,1,H,hetero,0.05065798783076269,Native
anti-G-1,anti-G,1,I,hetero,0.08447714730437243,Native
anti-G-1,anti-G,1,J,hetero,0.030564596009622184,Native
anti-G-1,anti-G,1,K,hetero,0.058440639592472046,Native
anti-G-1,anti-G,1,L,hetero,0.08476015282298002,Native
anti-G-1,anti-G,1,M,hetero,0.057025611999433984,Native
anti-G-1,anti-G,1,N,hetero,0.07825102589500495,Native
anti-G-1,anti-G,1,T,hetero,0.1127776991651337,Native
anti-G-1,anti-G,1,U,hetero,0.0689118437809537,Native
anti-G-1,anti-G,1,CT1,hetero,0.0689118437809537,Centroid
anti-G-1,anti-G,1,CT2,hetero,0.5062968727890194,Centroid
anti-G-1,anti-G,1,CT3,hetero,0.5582283854535163,Centroid
anti-G-1,anti-G,1,CT4,hetero,0.2634781378236875,Centroid
anti-G-1,anti-G,1,RT,hetero,0.059714164426206306,Root
anti-G-1,anti-G,1,CS,hetero,0.07768501485778972,Consense
anti-C-1,anti-C,1,A,hetero,0.8021865889212828,Native
anti-C-1,anti-C,1,B,hetero,0.34358600583090376,Native
anti-C-1,anti-C,1,C,homo,1,Native
anti-C-1,anti-C,1,D,hetero,0.3607871720116618,Native
anti-C-1,anti-C,1,E,hetero,0.4067055393586005,Native
anti-C-1,anti-C,1,F,hetero,0.35626822157434407,Native
anti-C-1,anti-C,1,G,hetero,0.24620991253644312,Native
anti-C-1,anti-C,1,H,hetero,0.4616618075801749,Native
anti-C-1,anti-C,1,I,hetero,0.3556851311953353,Native
anti-C-1,anti-C,1,J,hetero,0.37405247813411074,Native
anti-C-1,anti-C,1,K,hetero,0.36661807580174927,Native
anti-C-1,anti-C,1,L,hetero,0.3250728862973761,Native
anti-C-1,anti-C,1,M,hetero,0.3427113702623906,Native
anti-C-1,anti-C,1,N,hetero,0.286734693877551,Native
anti-C-1,anti-C,1,T,hetero,0.339067055393586,Native
anti-C-1,anti-C,1,U,hetero,0.41443148688046644,Native
anti-C-1,anti-C,1,CT1,hetero,0.2900874635568513,Centroid
anti-C-1,anti-C,1,CT2,hetero,0.5153061224489796,Centroid
anti-C-1,anti-C,1,CT3,hetero,0.49446064139941687,Centroid
anti-C-1,anti-C,1,CT4,hetero,0.4290087463556851,Centroid
anti-C-1,anti-C,1,RT,hetero,0.23061224489795917,Root
anti-C-1,anti-C,1,CS,hetero,0.4457725947521865,Consense
anti-D-1,anti-D,1,A,hetero,0.908777969018933,Native
anti-D-1,anti-D,1,B,hetero,0.6626506024096387,Native
anti-D-1,anti-D,1,C,hetero,0.5595716198125839,Native
anti-D-1,anti-D,1,D,homo,1,Native
anti-D-1,anti-D,1,E,hetero,0.6993689041881814,Native
anti-D-1,anti-D,1,F,hetero,0.7676419965576594,Native
anti-D-1,anti-D,1,G,hetero,0.6584432969975139,Native
anti-D-1,anti-D,1,H,hetero,0.6924842226047047,Native
anti-D-1,anti-D,1,I,hetero,0.9674890036335821,Native
anti-D-1,anti-D,1,J,hetero,0.618665136737426,Native
anti-D-1,anti-D,1,K,hetero,0.6934404283801876,Native
anti-D-1,anti-D,1,L,hetero,0.7521514629948367,Native
anti-D-1,anti-D,1,M,hetero,0.4821189519984702,Native
anti-D-1,anti-D,1,N,hetero,0.46930579460699945,Native
anti-D-1,anti-D,1,T,hetero,0.5517307324536241,Native
anti-D-1,anti-D,1,U,hetero,0.7232740485752536,Native
anti-D-1,anti-D,1,CT1,hetero,0.8410786001147449,Centroid
anti-D-1,anti-D,1,CT2,hetero,0.8376362593230064,Centroid
anti-D-1,anti-D,1,CT3,hetero,0.8965385350927522,Centroid
anti-D-1,anti-D,1,CT4,hetero,0.7861923886020273,Centroid
anti-D-1,anti-D,1,RT,hetero,0.6154140371007842,Root
anti-D-1,anti-D,1,CS,hetero,0.9212086441002106,Consense
anti-E-1,anti-E,1,A,hetero,0.2267992424242424,Native
anti-E-1,anti-E,1,B,hetero,0.1458333333333333,Native
anti-E-1,anti-E,1,C,hetero,0.1990214646464646,Native
anti-E-1,anti-E,1,D,hetero,0.2048611111111111,Native
anti-E-1,anti-E,1,E,homo,1,Native
anti-E-1,anti-E,1,F,hetero,0.16303661616161616,Native
anti-E-1,anti-E,1,G,hetero,0.38020833333333326,Native
anti-E-1,anti-E,1,H,hetero,0.11537247474747474,Native
anti-E-1,anti-E,1,I,hetero,0.23437499999999997,Native
anti-E-1,anti-E,1,J,hetero,0.17597853535353533,Native
anti-E-1,anti-E,1,K,hetero,0.3516414141414141,Native
anti-E-1,anti-E,1,L,hetero,0.217645202020202,Native
anti-E-1,anti-E,1,M,hetero,0.17676767676767674,Native
anti-E-1,anti-E,1,N,hetero,0.19113005050505047,Native
anti-E-1,anti-E,1,T,hetero,0.20391414141414138,Native
anti-E-1,anti-E,1,U,hetero,0.27951388888888884,Native
anti-E-1,anti-E,1,CT1,hetero,0.07875631313131311,Centroid
anti-E-1,anti-E,1,CT2,hetero,0.08885732323232322,Centroid
anti-E-1,anti-E,1,CT3,hetero,0.11868686868686866,Centroid
anti-E-1,anti-E,1,CT4,hetero,0.06660353535353535,Centroid
anti-E-1,anti-E,1,RT,hetero,0.018308080808080805,Root
anti-E-1,anti-E,1,CS,hetero,0.1974431818181818,Consense
anti-F-1,anti-F,1,A,hetero,0.8480417754569191,Native
anti-F-1,anti-F,1,B,hetero,0.39721496953872937,Native
anti-F-1,anti-F,1,C,hetero,0.2654482158398608,Native
anti-F-1,anti-F,1,D,hetero,0.8600522193211488,Native
anti-F-1,anti-F,1,E,hetero,0.6516971279373368,Native
anti-F-1,anti-F,1,F,homo,1,Native
anti-F-1,anti-F,1,G,hetero,0.5601392515230635,Native
anti-F-1,anti-F,1,H,hetero,1.0513489991296778,Native
anti-F-1,anti-F,1,I,hetero,0.9107049608355091,Native
anti-F-1,anti-F,1,J,hetero,0.42106179286335943,Native
anti-F-1,anti-F,1,K,hetero,0.3176675369886858,Native
anti-F-1,anti-F,1,L,hetero,0.9340295909486509,Native
anti-F-1,anti-F,1,M,hetero,0.3101827676240209,Native
anti-F-1,anti-F,1,N,hetero,0.23272410791993034,Native
anti-F-1,anti-F,1,T,hetero,0.6788511749347259,Native
anti-F-1,anti-F,1,U,hetero,0.9216710182767623,Native
anti-F-1,anti-F,1,CT1,hetero,0.9073977371627502,Centroid
anti-F-1,anti-F,1,CT2,hetero,0.9987815491731941,Centroid
anti-F-1,anti-F,1,CT3,hetero,0.915752828546562,Centroid
anti-F-1,anti-F,1,CT4,hetero,0.981201044386423,Centroid
anti-F-1,anti-F,1,RT,hetero,0.6050478677110531,Root
anti-F-1,anti-F,1,CS,hetero,0.7211488250652741,Consense
anti-H-1,anti-H,1,A,hetero,0.6115054717539189,Native
anti-H-1,anti-H,1,B,hetero,0.48284531203785863,Native
anti-H-1,anti-H,1,C,hetero,0.4643596569062408,Native
anti-H-1,anti-H,1,D,hetero,0.3145519077196096,Native
anti-H-1,anti-H,1,E,hetero,0.3444247264123041,Native
anti-H-1,anti-H,1,F,hetero,0.8510795622596865,Native
anti-H-1,anti-H,1,G,hetero,0.21753918958887902,Native
anti-H-1,anti-H,1,H,homo,1,Native
anti-H-1,anti-H,1,I,hetero,0.5267672286305826,Native
anti-H-1,anti-H,1,J,hetero,0.5641821946169772,Native
anti-H-1,anti-H,1,K,hetero,0.3349600709849157,Native
anti-H-1,anti-H,1,L,hetero,0.820910973084886,Native
anti-H-1,anti-H,1,M,hetero,0.0937592428275658,Native
anti-H-1,anti-H,1,N,hetero,0.12703342206447796,Native
anti-H-1,anti-H,1,T,hetero,0.7885241052942916,Native
anti-H-1,anti-H,1,U,hetero,0.544069801833777,Native
anti-H-1,anti-H,1,CT1,hetero,0.5298728186926944,Centroid
anti-H-1,anti-H,1,CT2,hetero,0.5026619343389529,Centroid
anti-H-1,anti-H,1,CT3,hetero,0.44942324755989344,Centroid
anti-H-1,anti-H,1,CT4,hetero,0.4625850340136054,Centroid
anti-H-1,anti-H,1,RT,hetero,0.7630878438331854,Root
anti-H-1,anti-H,1,CS,hetero,0.489795918367347,Consense
anti-I-1,anti-I,1,A,hetero,0.5240695792880259,Native
anti-I-1,anti-I,1,B,hetero,0.4947411003236246,Native
anti-I-1,anti-I,1,C,hetero,0.09344660194174759,Native
anti-I-1,anti-I,1,D,hetero,0.6328883495145632,Native
anti-I-1,anti-I,1,E,hetero,0.3563915857605178,Native
anti-I-1,anti-I,1,F,hetero,0.4536812297734628,Native
anti-I-1,anti-I,1,G,hetero,0.3917880258899677,Native
anti-I-1,anti-I,1,H,hetero,0.49919093851132695,Native
anti-I-1,anti-I,1,I,homo,1,Native
anti-I-1,anti-I,1,J,hetero,0.19639967637540454,Native
anti-I-1,anti-I,1,K,hetero,0.3768203883495146,Native
anti-I-1,anti-I,1,L,hetero,0.38915857605177995,Native
anti-I-1,anti-I,1,M,hetero,0.15756472491909387,Native
anti-I-1,anti-I,1,N,hetero,0.1347087378640777,Native
anti-I-1,anti-I,1,T,hetero,0.27548543689320387,Native
anti-I-1,anti-I,1,U,hetero,0.6676779935275081,Native
anti-I-1,anti-I,1,CT1,hetero,0.5107200647249192,Centroid
anti-I-1,anti-I,1,CT2,hetero,0.8796521035598707,Centroid
anti-I-1,anti-I,1,CT3,hetero,0.6834546925566344,Centroid
anti-I-1,anti-I,1,CT4,hetero,0.7204692556634306,Centroid
anti-I-1,anti-I,1,RT,hetero,0.33778317152103565,Root
anti-I-1,anti-I,1,CS,hetero,0.7431229773462784,Consense
anti-J-1,anti-J,1,A,hetero,0.14213080656343888,Native
anti-J-1,anti-J,1,B,hetero,0.11971342731684771,Native
anti-J-1,anti-J,1,C,hetero,0.15507279870580082,Native
anti-J-1,anti-J,1,D,hetero,0.28772821816501043,Native
anti-J-1,anti-J,1,E,hetero,0.22093829443032126,Native
anti-J-1,anti-J,1,F,hetero,0.185347816038826,Native
anti-J-1,anti-J,1,G,hetero,0.18072567598798245,Native
anti-J-1,anti-J,1,H,hetero,0.5394037439334413,Native
anti-J-1,anti-J,1,I,hetero,0.1913565981049226,Native
anti-J-1,anti-J,1,J,homo,1,Native
anti-J-1,anti-J,1,K,hetero,0.2093829443032124,Native
anti-J-1,anti-J,1,L,hetero,0.4044372544488098,Native
anti-J-1,anti-J,1,M,hetero,0.1673214698405362,Native
anti-J-1,anti-J,1,N,hetero,0.18858331407441647,Native
anti-J-1,anti-J,1,T,hetero,0.2093829443032124,Native
anti-J-1,anti-J,1,U,hetero,0.3029812803327941,Native
anti-J-1,anti-J,1,CT1,hetero,0.4092905015021955,Centroid
anti-J-1,anti-J,1,CT2,hetero,0.7550265773052923,Centroid
anti-J-1,anti-J,1,CT3,hetero,0.49595562745551197,Centroid
anti-J-1,anti-J,1,CT4,hetero,0.3861798012479779,Centroid
anti-J-1,anti-J,1,RT,hetero,0.09822047608042524,Root
anti-J-1,anti-J,1,CS,hetero,0.177490177952392,Consense
anti-K-1,anti-K,1,A,hetero,0.34639273769708545,Native
anti-K-1,anti-K,1,B,hetero,0.5483357222487657,Native
anti-K-1,anti-K,1,C,hetero,0.3634336677814938,Native
anti-K-1,anti-K,1,D,hetero,0.5612358655836917,Native
anti-K-1,anti-K,1,E,hetero,0.5102723363592928,Native
anti-K-1,anti-K,1,F,hetero,0.43796782927217703,Native
anti-K-1,anti-K,1,G,hetero,0.5711100493709189,Native
anti-K-1,anti-K,1,H,hetero,0.3999044433827042,Native
anti-K-1,anti-K,1,I,hetero,0.6502627806975633,Native
anti-K-1,anti-K,1,J,hetero,0.5128205128205128,Native
anti-K-1,anti-K,1,K,homo,1,Native
anti-K-1,anti-K,1,L,hetero,0.26612517916865747,Native
anti-K-1,anti-K,1,M,hetero,0.37283006848224237,Native
anti-K-1,anti-K,1,N,hetero,0.30705526357700275,Native
anti-K-1,anti-K,1,T,hetero,0.5215798694059564,Native
anti-K-1,anti-K,1,U,hetero,0.43430482560917344,Native
anti-K-1,anti-K,1,CT1,hetero,0.5295429208472686,Centroid
anti-K-1,anti-K,1,CT2,hetero,0.7158783245739767,Centroid
anti-K-1,anti-K,1,CT3,hetero,0.5792323618410574,Centroid
anti-K-1,anti-K,1,CT4,hetero,0.57955088389871,Centroid
anti-K-1,anti-K,1,RT,hetero,0.3713967192228061,Root
anti-K-1,anti-K,1,CS,hetero,0.6372033763338111,Consense
anti-L-1,anti-L,1,A,hetero,0.5567665758401453,Native
anti-L-1,anti-L,1,B,hetero,0.4193914623069936,Native
anti-L-1,anti-L,1,C,hetero,0.029291553133514975,Native
anti-L-1,anti-L,1,D,hetero,0.4225703905540417,Native
anti-L-1,anti-L,1,E,hetero,0.3628519527702089,Native
anti-L-1,anti-L,1,F,hetero,0.5842415985467757,Native
anti-L-1,anti-L,1,G,hetero,-0.00363306085376931,Native
anti-L-1,anti-L,1,H,hetero,0.5467756584922797,Native
anti-L-1,anti-L,1,I,hetero,0.3689827429609445,Native
anti-L-1,anti-L,1,J,hetero,0.13510445049954586,Native
anti-L-1,anti-L,1,K,hetero,0.007266121707538589,Native
anti-L-1,anti-L,1,L,homo,1,Native
anti-L-1,anti-L,1,M,hetero,0.023614895549500452,Native
anti-L-1,anti-L,1,N,hetero,0.020435967302452302,Native
anti-L-1,anti-L,1,T,hetero,0.059491371480472295,Native
anti-L-1,anti-L,1,U,hetero,0.46843778383287915,Native
anti-L-1,anti-L,1,O,hetero,0.14940962761126247,Native
anti-L-1,anti-L,1,CT1,hetero,0.058810172570390534,Centroid
anti-L-1,anti-L,1,CT2,hetero,0.3487738419618529,Centroid
anti-L-1,anti-L,1,CT3,hetero,0.26907356948228883,Centroid
anti-L-1,anti-L,1,CT4,hetero,0.3944141689373297,Centroid
anti-L-1,anti-L,1,RT,hetero,0.06925522252497729,Root
anti-L-1,anti-L,1,CS,hetero,0.3773841961852861,Consense
anti-M-1,anti-M,1,A,hetero,0.07440643110861841,Native
anti-M-1,anti-M,1,B,hetero,0.017760329033464202,Native
anti-M-1,anti-M,1,C,hetero,0.06318938119274631,Native
anti-M-1,anti-M,1,D,hetero,0.020938493176294638,Native
anti-M-1,anti-M,1,E,hetero,0.0635632828566087,Native
anti-M-1,anti-M,1,F,hetero,0.044120396335763694,Native
anti-M-1,anti-M,1,G,hetero,0.010095344924284917,Native
anti-M-1,anti-M,1,H,hetero,0.018695083193120212,Native
anti-M-1,anti-M,1,I,hetero,0.14395214058702557,Native
anti-M-1,anti-M,1,J,hetero,0.006169377453729663,Native
anti-M-1,anti-M,1,K,hetero,0.07964105440269208,Native
anti-M-1,anti-M,1,L,hetero,0.014021312394840155,Native
anti-M-1,anti-M,1,M,homo,1,Native
anti-M-1,anti-M,1,N,hetero,0.10431856421761075,Native
anti-M-1,anti-M,1,T,hetero,0.02841652645354271,Native
anti-M-1,anti-M,1,U,hetero,0.035146756403066,Native
anti-M-1,anti-M,1,O,hetero,0.10300990839409235,Native
anti-M-1,anti-M,1,CT1,hetero,-0.010656197420078525,Centroid
anti-M-1,anti-M,1,CT2,hetero,0.006356328285660871,Centroid
anti-M-1,anti-M,1,CT3,hetero,0.038698822209758836,Centroid
anti-M-1,anti-M,1,CT4,hetero,-0.007291082445316882,Centroid
anti-M-1,anti-M,1,RT,hetero,-0.012151804075528133,Root
anti-M-1,anti-M,1,CS,hetero,0.14040007478033276,Consense
anti-N-1,anti-N,1,A,hetero,-0.0031482541499713904,Native
anti-N-1,anti-N,1,B,hetero,-0.0028620492272467112,Native
anti-N-1,anti-N,1,C,hetero,0.13108185460789923,Native
anti-N-1,anti-N,1,D,hetero,0.05666857469948483,Native
anti-N-1,anti-N,1,E,hetero,0.11161991986262162,Native
anti-N-1,anti-N,1,F,hetero,0.0540927303949628,Native
anti-N-1,anti-N,1,G,hetero,-0.0057240984544934224,Native
anti-N-1,anti-N,1,H,hetero,0.06439610761305092,Native
anti-N-1,anti-N,1,I,hetero,0.030623926731539786,Native
anti-N-1,anti-N,1,J,hetero,0.07269605037206638,Native
anti-N-1,anti-N,1,K,hetero,0.10761305094447624,Native
anti-N-1,anti-N,1,L,hetero,0.02575844304522036,Native
anti-N-1,anti-N,1,M,hetero,0.13022323983972525,Native
anti-N-1,anti-N,1,N,homo,1,Native
anti-N-1,anti-N,1,T,hetero,0.09101316542644532,Native
anti-N-1,anti-N,1,U,hetero,0.09387521465369203,Native
anti-N-1,anti-N,1,O,hetero,0.12736119061247853,Native
anti-N-1,anti-N,1,CT1,hetero,-0.051803091013165443,Centroid
anti-N-1,anti-N,1,CT2,hetero,0.27532913566113343,Centroid
anti-N-1,anti-N,1,CT3,hetero,0.10303377218088153,Centroid
anti-N-1,anti-N,1,CT4,hetero,0.06725815684029764,Centroid
anti-N-1,anti-N,1,RT,hetero,-0.042358328563251293,Root
anti-N-1,anti-N,1,CS,hetero,0.15970234688036636,Consense
anti-T-1,anti-T,1,A,hetero,0.10519094443174022,Native
anti-T-1,anti-T,1,B,hetero,0.42808140864395144,Native
anti-T-1,anti-T,1,C,hetero,0.018980105190944434,Native
anti-T-1,anti-T,1,D,hetero,0.3901211982620627,Native
anti-T-1,anti-T,1,E,hetero,0.06037045506517266,Native
anti-T-1,anti-T,1,F,hetero,0.8271209695860964,Native
anti-T-1,anti-T,1,G,hetero,0.31122798993825745,Native
anti-T-1,anti-T,1,H,hetero,0.8209467184998855,Native
anti-T-1,anti-T,1,I,hetero,0.4456894580379601,Native
anti-T-1,anti-T,1,J,hetero,-0.005259547221587003,Native
anti-T-1,anti-T,1,K,hetero,0.3635947861879716,Native
anti-T-1,anti-T,1,L,hetero,0.5275554539217927,Native
anti-T-1,anti-T,1,M,hetero,0.14315115481362908,Native
anti-T-1,anti-T,1,N,hetero,0.2595472215870112,Native
anti-T-1,anti-T,1,T,homo,1,Native
anti-T-1,anti-T,1,U,hetero,0.10999313972101532,Native
anti-T-1,anti-T,1,O,hetero,0.12439972558884062,Native
anti-T-1,anti-T,1,CT1,hetero,0.024468328378687402,Centroid
anti-T-1,anti-T,1,CT2,hetero,0.2062657214726732,Centroid
anti-T-1,anti-T,1,CT3,hetero,0.21815687171278297,Centroid
anti-T-1,anti-T,1,CT4,hetero,0.22295906700205806,Centroid
anti-T-1,anti-T,1,RT,hetero,0.5780928424422592,Root
anti-T-1,anti-T,1,CS,hetero,0.49874228218614214,Consense
anti-U-1,anti-U,1,A,hetero,0.4198787878787879,Native
anti-U-1,anti-U,1,B,hetero,0.2375757575757576,Native
anti-U-1,anti-U,1,C,hetero,0.03660606060606059,Native
anti-U-1,anti-U,1,D,hetero,0.27030303030303027,Native
anti-U-1,anti-U,1,E,hetero,0.2610909090909091,Native
anti-U-1,anti-U,1,F,hetero,0.4484848484848485,Native
anti-U-1,anti-U,1,G,hetero,0.040484848484848485,Native
anti-U-1,anti-U,1,H,hetero,0.34787878787878784,Native
anti-U-1,anti-U,1,I,hetero,0.25018181818181817,Native
anti-U-1,anti-U,1,J,hetero,0.04775757575757575,Native
anti-U-1,anti-U,1,K,hetero,0.018909090909090914,Native
anti-U-1,anti-U,1,L,hetero,0.32242424242424245,Native
anti-U-1,anti-U,1,M,hetero,0.033939393939393936,Native
anti-U-1,anti-U,1,N,hetero,0.08145454545454547,Native
anti-U-1,anti-U,1,T,hetero,0.06593939393939395,Native
anti-U-1,anti-U,1,U,homo,1,Native
anti-U-1,anti-U,1,O,hetero,0.05818181818181817,Native
anti-U-1,anti-U,1,CT1,hetero,0.07684848484848483,Centroid
anti-U-1,anti-U,1,CT2,hetero,0.168,Centroid
anti-U-1,anti-U,1,CT3,hetero,0.1798787878787879,Centroid
anti-U-1,anti-U,1,CT4,hetero,0.25212121212121213,Centroid
anti-U-1,anti-U,1,RT,hetero,0.10666666666666666,Root
anti-U-1,anti-U,1,CS,hetero,0.3418181818181818,Consense
anti-CT4-1,anti-CT4,1,A,hetero,0.2937643020594966,Native
anti-CT4-1,anti-CT4,1,B,hetero,0.6561784897025172,Native
anti-CT4-1,anti-CT4,1,C,hetero,0.3269450800915332,Native
anti-CT4-1,anti-CT4,1,D,hetero,0.8709954233409611,Native
anti-CT4-1,anti-CT4,1,E,hetero,0.45537757437070947,Native
anti-CT4-1,anti-CT4,1,F,hetero,0.5672196796338672,Native
anti-CT4-1,anti-CT4,1,G,hetero,0.6567505720823799,Native
anti-CT4-1,anti-CT4,1,H,hetero,0.40932494279176207,Native
anti-CT4-1,anti-CT4,1,I,hetero,0.6847826086956522,Native
anti-CT4-1,anti-CT4,1,J,hetero,0.615274599542334,Native
anti-CT4-1,anti-CT4,1,K,hetero,0.4593821510297482,Native
anti-CT4-1,anti-CT4,1,L,hetero,0.32265446224256294,Native
anti-CT4-1,anti-CT4,1,M,hetero,0.2851830663615561,Native
anti-CT4-1,anti-CT4,1,N,hetero,0.294908466819222,Native
anti-CT4-1,anti-CT4,1,T,hetero,0.5494851258581236,Native
anti-CT4-1,anti-CT4,1,U,hetero,0.3961670480549198,Native
anti-CT4-1,anti-CT4,1,O,hetero,0.9324942791762013,Native
anti-CT4-1,anti-CT4,1,CT1,hetero,0.10755148741418767,Centroid
anti-CT4-1,anti-CT4,1,CT2,hetero,0.852974828375286,Centroid
anti-CT4-1,anti-CT4,1,CT3,hetero,0.9373569794050344,Centroid
anti-CT4-1,anti-CT4,1,CT4,homo,1,Centroid
anti-CT4-1,anti-CT4,1,RT,hetero,0.28804347826086957,Root
anti-CT4-1,anti-CT4,1,CS,hetero,1.1312929061784898,Consense
anti-CKT-1,anti-CKT,1,A,homo-CK,0.8081800321485978,Native
anti-CKT-1,anti-CKT,1,B,homo-CK,0.9367744240042866,Native
anti-CKT-1,anti-CKT,1,C,homo-CK,0.26647615645651007,Native
anti-CKT-1,anti-CKT,1,D,homo-CK,0.8024647258439006,Native
anti-CKT-1,anti-CKT,1,E,hetero,0.46490444722271823,Native
anti-CKT-1,anti-CKT,1,F,hetero,0.7353098767637077,Native
anti-CKT-1,anti-CKT,1,G,hetero,0.643329165922486,Native
anti-CKT-1,anti-CKT,1,H,homo-CK,0.4663332737988926,Native
anti-CKT-1,anti-CKT,1,I,homo-CK,1,Native
anti-CKT-1,anti-CKT,1,J,hetero,0.26933380960885867,Native
anti-CKT-1,anti-CKT,1,K,homo-CK,0.9444543668512234,Native
anti-CKT-1,anti-CKT,1,L,hetero,0.4752634398999821,Native
anti-CKT-1,anti-CKT,1,M,hetero,0.7117342382568315,Native
anti-CKT-1,anti-CKT,1,N,homo-CK,0.4466869083764957,Native
anti-CKT-1,anti-CKT,1,T,hetero,0.6956599392748705,Native
anti-CKT-1,anti-CKT,1,U,hetero,0.634041793177353,Native
anti-CKT-1,anti-CKT,1,O,hetero,0.708697981782461,Native
anti-CKT-1,anti-CKT,1,CT1,hetero,0.21075191998571172,Centroid
anti-CKT-1,anti-CKT,1,CT2,hetero,0.6545811752098588,Centroid
anti-CKT-1,anti-CKT,1,CT3,hetero,0.7199499910698338,Centroid
anti-CKT-1,anti-CKT,1,CT4,hetero,0.6165386676192176,Centroid
anti-CKT-1,anti-CKT,1,RT,hetero,0.2629040900160743,Root
anti-CKT-1,anti-CKT,1,CS,hetero,0.9996427933559564,Consense
anti-A-2,anti-A,2,A,homo,1,Native
anti-A-2,anti-A,2,B,hetero,0.15091844232182217,Native
anti-A-2,anti-A,2,C,hetero,0.21983835415135927,Native
anti-A-2,anti-A,2,D,hetero,0.34988978692138134,Native
anti-A-2,anti-A,2,E,hetero,0.31623806024981627,Native
anti-A-2,anti-A,2,F,hetero,0.5332843497428361,Native
anti-A-2,anti-A,2,G,hetero,0.0072005878030859585,Native
anti-A-2,anti-A,2,H,hetero,0.5717854518736224,Native
anti-A-2,anti-A,2,I,hetero,0.37913299044819987,Native
anti-A-2,anti-A,2,J,hetero,0.03071271124173401,Native
anti-A-2,anti-A,2,K,hetero,0.019691403379867738,Native
anti-A-2,anti-A,2,L,hetero,0.43262307127112415,Native
anti-A-2,anti-A,2,M,hetero,0.01616458486407053,Native
anti-A-2,anti-A,2,N,hetero,0.02013225569434239,Native
anti-A-2,anti-A,2,T,hetero,0.03717854518736223,Native
anti-A-2,anti-A,2,U,hetero,0.3807494489346069,Native
anti-A-2,anti-A,2,O,hetero,0.14592211609110947,Native
anti-A-2,anti-A,2,CT1,hetero,0.11241734019103598,Centroid
anti-A-2,anti-A,2,CT2,hetero,0.23262307127112417,Centroid
anti-A-2,anti-A,2,CT3,hetero,0.4650991917707568,Centroid
anti-A-2,anti-A,2,CT4,hetero,0.5222630418809698,Centroid
anti-A-2,anti-A,2,RT,hetero,0.24335047759000736,Root
anti-A-2,anti-A,2,CS,hetero,0.556208670095518,Consense
anti-B-2,anti-B,2,A,hetero,0.41822559733283954,Native
anti-B-2,anti-B,2,B,homo,1,Native
anti-B-2,anti-B,2,C,hetero,0.2733839599925913,Native
anti-B-2,anti-B,2,D,hetero,0.3476569735136137,Native
anti-B-2,anti-B,2,E,hetero,0.201148360807557,Native
anti-B-2,anti-B,2,F,hetero,0.44897203185775153,Native
anti-B-2,anti-B,2,G,hetero,0.2707908872013336,Native
anti-B-2,anti-B,2,H,hetero,0.35025004630487133,Native
anti-B-2,anti-B,2,I,hetero,0.5478792368957214,Native
anti-B-2,anti-B,2,J,hetero,0.24226708649749956,Native
anti-B-2,anti-B,2,K,hetero,0.32376365993702544,Native
anti-B-2,anti-B,2,L,hetero,0.1848490461196518,Native
anti-B-2,anti-B,2,M,hetero,0.2754213743285794,Native
anti-B-2,anti-B,2,N,hetero,0.16077051305797374,Native
anti-B-2,anti-B,2,T,hetero,0.3608075569549917,Native
anti-B-2,anti-B,2,U,hetero,0.3163548805334322,Native
anti-B-2,anti-B,2,O,hetero,0.22189294313761815,Native
anti-B-2,anti-B,2,CT1,hetero,0.184663826634562,Centroid
anti-B-2,anti-B,2,CT2,hetero,0.5284311909612892,Centroid
anti-B-2,anti-B,2,CT3,hetero,0.5641785515836266,Centroid
anti-B-2,anti-B,2,CT4,hetero,0.6456751250231525,Centroid
anti-B-2,anti-B,2,RT,hetero,0.22226338210779775,Root
anti-B-2,anti-B,2,CS,hetero,0.6949435080570476,Consense
anti-CT4-2,anti-CT4,2,A,hetero,0.21705882352941172,Native
anti-CT4-2,anti-CT4,2,B,hetero,0.20676470588235296,Native
anti-CT4-2,anti-CT4,2,C,hetero,0.5194117647058825,Native
anti-CT4-2,anti-CT4,2,D,hetero,0.6141176470588237,Native
anti-CT4-2,anti-CT4,2,E,hetero,0.14205882352941174,Native
anti-CT4-2,anti-CT4,2,F,hetero,0.2629411764705882,Native
anti-CT4-2,anti-CT4,2,G,hetero,0.0026470588235294056,Native
anti-CT4-2,anti-CT4,2,H,hetero,0.4852941176470589,Native
anti-CT4-2,anti-CT4,2,I,hetero,0.3508823529411765,Native
anti-CT4-2,anti-CT4,2,J,hetero,0.27794117647058825,Native
anti-CT4-2,anti-CT4,2,K,hetero,0.15441176470588236,Native
anti-CT4-2,anti-CT4,2,L,hetero,0.17617647058823527,Native
anti-CT4-2,anti-CT4,2,M,hetero,0.05794117647058826,Native
anti-CT4-2,anti-CT4,2,N,hetero,0.14529411764705885,Native
anti-CT4-2,anti-CT4,2,T,hetero,0.12205882352941175,Native
anti-CT4-2,anti-CT4,2,U,hetero,0.18794117647058822,Native
anti-CT4-2,anti-CT4,2,O,hetero,0.861764705882353,Native
anti-CT4-2,anti-CT4,2,CT1,hetero,0.14735294117647055,Centroid
anti-CT4-2,anti-CT4,2,CT2,hetero,1.249705882352941,Centroid
anti-CT4-2,anti-CT4,2,CT3,hetero,0.9838235294117647,Centroid
anti-CT4-2,anti-CT4,2,CT4,homo,1,Centroid
anti-CT4-2,anti-CT4,2,RT,hetero,0.33294117647058824,Root
anti-CT4-2,anti-CT4,2,CS,hetero,0.6132352941176471,Consense
anti-CKT-2,anti-CKT,2,A,homo-CK,0.2509740695955932,Native
anti-CKT-2,anti-CKT,2,B,homo-CK,0.8538223834475346,Native
anti-CKT-2,anti-CKT,2,C,homo-CK,0.1796318688700793,Native
anti-CKT-2,anti-CKT,2,D,homo-CK,0.8155313717586995,Native
anti-CKT-2,anti-CKT,2,E,hetero,0.19521698239957008,Native
anti-CKT-2,anti-CKT,2,F,hetero,0.6277038828429398,Native
anti-CKT-2,anti-CKT,2,G,hetero,0.7943033722961171,Native
anti-CKT-2,anti-CKT,2,H,homo-CK,0.29033991670025533,Native
anti-CKT-2,anti-CKT,2,I,homo-CK,1,Native
anti-CKT-2,anti-CKT,2,J,hetero,0.24815262662904747,Native
anti-CKT-2,anti-CKT,2,K,homo-CK,0.9375251914550584,Native
anti-CKT-2,anti-CKT,2,L,hetero,0.27918849926105066,Native
anti-CKT-2,anti-CKT,2,M,hetero,0.5504500873303776,Native
anti-CKT-2,anti-CKT,2,N,homo-CK,0.3556361682117426,Native
anti-CKT-2,anti-CKT,2,T,hetero,0.770253929866989,Native
anti-CKT-2,anti-CKT,2,U,hetero,0.199919387343813,Native
anti-CKT-2,anti-CKT,2,O,hetero,0.9336289130726859,Native
anti-CKT-2,anti-CKT,2,CT1,hetero,0.6513502619911326,Centroid
anti-CKT-2,anti-CKT,2,CT2,hetero,0.9637243047158405,Centroid
anti-CKT-2,anti-CKT,2,CT3,hetero,0.9850866586054012,Centroid
anti-CKT-2,anti-CKT,2,CT4,hetero,0.8516727126158806,Centroid
anti-CKT-2,anti-CKT,2,RT,hetero,0.6068789466612926,Root
anti-CKT-2,anti-CKT,2,CS,hetero,0.957409646647857,Consense
anti-C-2,anti-C,2,A,hetero,0.6211901306240928,Native
anti-C-2,anti-C,2,B,hetero,0.5692307692307692,Native
anti-C-2,anti-C,2,C,homo,1,Native
anti-C-2,anti-C,2,D,hetero,0.2560232220609579,Native
anti-C-2,anti-C,2,E,hetero,0.22699564586357035,Native
anti-C-2,anti-C,2,F,hetero,0.39622641509433965,Native
anti-C-2,anti-C,2,G,hetero,0.0359941944847605,Native
anti-C-2,anti-C,2,H,hetero,0.48156748911465885,Native
anti-C-2,anti-C,2,I,hetero,0.34426705370101596,Native
anti-C-2,anti-C,2,J,hetero,0.4615384615384615,Native
anti-C-2,anti-C,2,K,hetero,0.29027576197387517,Native
anti-C-2,anti-C,2,L,hetero,0.28737300435413643,Native
anti-C-2,anti-C,2,M,hetero,0.262699564586357,Native
anti-C-2,anti-C,2,N,hetero,0.16574746008708274,Native
anti-C-2,anti-C,2,T,hetero,0.3402031930333817,Native
anti-C-2,anti-C,2,U,hetero,0.36865021770682144,Native
anti-C-2,anti-C,2,O,hetero,0.4943396226415093,Native
anti-C-2,anti-C,2,CT1,hetero,0.026124818577648746,Centroid
anti-C-2,anti-C,2,CT2,hetero,0.7166908563134977,Centroid
anti-C-2,anti-C,2,CT3,hetero,0.5747460087082727,Centroid
anti-C-2,anti-C,2,CT4,hetero,0.5988388969521045,Centroid
anti-C-2,anti-C,2,RT,hetero,0.26037735849056604,Root
anti-C-2,anti-C,2,CS,hetero,0.499854862119013,Consense
anti-D-2,anti-D,2,A,hetero,0.41160856485577785,Native
anti-D-2,anti-D,2,B,hetero,0.3533887807467705,Native
anti-D-2,anti-D,2,C,hetero,0.008140152185453916,Native
anti-D-2,anti-D,2,D,homo,1,Native
anti-D-2,anti-D,2,E,hetero,0.2666784639886746,Native
anti-D-2,anti-D,2,F,hetero,0.4912404884091312,Native
anti-D-2,anti-D,2,G,hetero,0.20845867987966732,Native
anti-D-2,anti-D,2,H,hetero,0.49584144399221386,Native
anti-D-2,anti-D,2,I,hetero,0.6167050079631924,Native
anti-D-2,anti-D,2,J,hetero,0.056981065298177334,Native
anti-D-2,anti-D,2,K,hetero,0.26313926738630333,Native
anti-D-2,anti-D,2,L,hetero,0.3907273049017873,Native
anti-D-2,anti-D,2,M,hetero,0.07078393204742525,Native
anti-D-2,anti-D,2,N,hetero,0.11555476906742171,Native
anti-D-2,anti-D,2,T,hetero,0.26650150415855606,Native
anti-D-2,anti-D,2,U,hetero,0.4110776853654221,Native
anti-D-2,anti-D,2,O,hetero,0.23447177490709611,Native
anti-D-2,anti-D,2,CT1,hetero,0.14882321712971158,Centroid
anti-D-2,anti-D,2,CT2,hetero,0.8863917890638824,Centroid
anti-D-2,anti-D,2,CT3,hetero,0.6706777561493542,Centroid
anti-D-2,anti-D,2,CT4,hetero,0.7405768890461866,Centroid
anti-D-2,anti-D,2,RT,hetero,0.20084940718456912,Root
anti-D-2,anti-D,2,CS,hetero,0.49867280127411084,Consense
anti-E-2,anti-E,2,A,hetero,0.09486104642136314,Native
anti-E-2,anti-E,2,B,hetero,0.042539978264244674,Native
anti-E-2,anti-E,2,C,hetero,0.07886974072349014,Native
anti-E-2,anti-E,2,D,hetero,0.09237696009936344,Native
anti-E-2,anti-E,2,E,homo,1,Native
anti-E-2,anti-E,2,F,hetero,0.1151995031827356,Native
anti-E-2,anti-E,2,G,hetero,0.04471355379599442,Native
anti-E-2,anti-E,2,H,hetero,0.183822387827977,Native
anti-E-2,anti-E,2,I,hetero,0.1240490607048595,Native
anti-E-2,anti-E,2,J,hetero,0.04968172643999379,Native
anti-E-2,anti-E,2,K,hetero,0.2044713553795994,Native
anti-E-2,anti-E,2,L,hetero,0.10045024064586243,Native
anti-E-2,anti-E,2,M,hetero,0.02934326967862133,Native
anti-E-2,anti-E,2,N,hetero,0.038348082595870206,Native
anti-E-2,anti-E,2,T,hetero,0.03695078403974538,Native
anti-E-2,anti-E,2,U,hetero,0.19003260363297625,Native
anti-E-2,anti-E,2,O,hetero,0.1176835895047353,Native
anti-E-2,anti-E,2,CT1,hetero,0.03415618692749574,Centroid
anti-E-2,anti-E,2,CT2,hetero,0.2990218910107126,Centroid
anti-E-2,anti-E,2,CT3,hetero,0.24312994876571964,Centroid
anti-E-2,anti-E,2,CT4,hetero,0.2384722869119702,Centroid
anti-E-2,anti-E,2,RT,hetero,0.04067691352274492,Root
anti-E-2,anti-E,2,CS,hetero,0.13088029809035864,Consense
anti-F-2,anti-F,2,A,hetero,0.33986811620032087,Native
anti-F-2,anti-F,2,B,hetero,0.009089288896809827,Native
anti-F-2,anti-F,2,C,hetero,0.003742648369274623,Native
anti-F-2,anti-F,2,D,hetero,0.35644270183567994,Native
anti-F-2,anti-F,2,E,hetero,0.22045981108536805,Native
anti-F-2,anti-F,2,F,homo,1,Native
anti-F-2,anti-F,2,G,hetero,0.07253608982356087,Native
anti-F-2,anti-F,2,H,hetero,0.8617002316877562,Native
anti-F-2,anti-F,2,I,hetero,0.3781857066476564,Native
anti-F-2,anti-F,2,J,hetero,0.07324897522723223,Native
anti-F-2,anti-F,2,K,hetero,0.02388166102299055,Native
anti-F-2,anti-F,2,L,hetero,0.6695776153983248,Native
anti-F-2,anti-F,2,M,hetero,0.023703439672072703,Native
anti-F-2,anti-F,2,N,hetero,0.03956513990376047,Native
anti-F-2,anti-F,2,T,hetero,0.6562110140794868,Native
anti-F-2,anti-F,2,U,hetero,0.34592764213152744,Native
anti-F-2,anti-F,2,O,hetero,0.2929959009089289,Native
anti-F-2,anti-F,2,CT1,hetero,0.09677419354838708,Centroid
anti-F-2,anti-F,2,CT2,hetero,0.7832828372839067,Centroid
anti-F-2,anti-F,2,CT3,hetero,0.6321511317055785,Centroid
anti-F-2,anti-F,2,CT4,hetero,0.6628052040634469,Centroid
anti-F-2,anti-F,2,RT,hetero,0.879700588130458,Root
anti-F-2,anti-F,2,CS,hetero,0.5715558723935128,Consense
anti-G-2,anti-G,2,A,hetero,7.862518252274506e-4,Native
anti-G-2,anti-G,2,B,hetero,0.10715489160956983,Native
anti-G-2,anti-G,2,C,hetero,0.007188588116365266,Native
anti-G-2,anti-G,2,D,hetero,0.08974502976524767,Native
anti-G-2,anti-G,2,E,hetero,0.019207008873413454,Native
anti-G-2,anti-G,2,F,hetero,0.045153319105919354,Native
anti-G-2,anti-G,2,G,homo,1,Native
anti-G-2,anti-G,2,H,hetero,0.05896888689205886,Native
anti-G-2,anti-G,2,I,hetero,0.1298438728518477,Native
anti-G-2,anti-G,2,J,hetero,0.008087161630910927,Native
anti-G-2,anti-G,2,K,hetero,0.08323037178479165,Native
anti-G-2,anti-G,2,L,hetero,0.0019094687184095251,Native
anti-G-2,anti-G,2,M,hetero,0.003931259126137253,Native
anti-G-2,anti-G,2,N,hetero,0.009098056834774791,Native
anti-G-2,anti-G,2,T,hetero,0.06290014601819612,Native
anti-G-2,anti-G,2,U,hetero,0.03302257665955296,Native
anti-G-2,anti-G,2,O,hetero,0.034707401999326065,Native
anti-G-2,anti-G,2,CT1,hetero,0.011793777378411767,Centroid
anti-G-2,anti-G,2,CT2,hetero,0.21195102774345728,Centroid
anti-G-2,anti-G,2,CT3,hetero,0.10277434572615972,Centroid
anti-G-2,anti-G,2,CT4,hetero,0.11198472425025274,Centroid
anti-G-2,anti-G,2,RT,hetero,0.037627765921599464,Root
anti-G-2,anti-G,2,CS,hetero,0.1147927664832079,Consense
anti-H-2,anti-H,2,A,hetero,0.39839034205231383,Native
anti-H-2,anti-H,2,B,hetero,0.3864855801475519,Native
anti-H-2,anti-H,2,C,hetero,0.023138832997987913,Native
anti-H-2,anti-H,2,D,hetero,0.352280348759222,Native
anti-H-2,anti-H,2,E,hetero,0.2744802146210596,Native
anti-H-2,anti-H,2,F,hetero,0.6453722334004023,Native
anti-H-2,anti-H,2,G,hetero,-0.008886653252850435,Native
anti-H-2,anti-H,2,H,homo,1,Native
anti-H-2,anti-H,2,I,hetero,0.4664654594232059,Native
anti-H-2,anti-H,2,J,hetero,0.2015425888665325,Native
anti-H-2,anti-H,2,K,hetero,0.0035211267605633647,Native
anti-H-2,anti-H,2,L,hetero,0.4911133467471495,Native
anti-H-2,anti-H,2,M,hetero,0.11200536552649225,Native
anti-H-2,anti-H,2,N,hetero,0.049966465459423216,Native
anti-H-2,anti-H,2,T,hetero,0.45640509725016765,Native
anti-H-2,anti-H,2,U,hetero,0.4019114688128772,Native
anti-H-2,anti-H,2,O,hetero,0.243963782696177,Native
anti-H-2,anti-H,2,CT1,hetero,0.027162977867203203,Centroid
anti-H-2,anti-H,2,CT2,hetero,0.6390006706908115,Centroid
anti-H-2,anti-H,2,CT3,hetero,0.46596244131455394,Centroid
anti-H-2,anti-H,2,CT4,hetero,0.5888665325285043,Centroid
anti-H-2,anti-H,2,RT,hetero,0.42035546613011393,Root
anti-H-2,anti-H,2,CS,hetero,0.37642521797451367,Consense
anti-CT3-1,anti-CT3,1,A,hetero,0.05605587208233781,Native
anti-CT3-1,anti-CT3,1,B,hetero,0.08380812350670834,Native
anti-CT3-1,anti-CT3,1,C,hetero,0.04116890277522513,Native
anti-CT3-1,anti-CT3,1,D,hetero,0.18452490351038414,Native
anti-CT3-1,anti-CT3,1,E,hetero,0.10659805182870796,Native
anti-CT3-1,anti-CT3,1,F,hetero,0.1870979599338357,Native
anti-CT3-1,anti-CT3,1,G,hetero,0.5190222385590885,Native
anti-CT3-1,anti-CT3,1,H,hetero,0.2970042271641243,Native
anti-CT3-1,anti-CT3,1,I,hetero,0.18728174967836797,Native
anti-CT3-1,anti-CT3,1,J,hetero,0.08821907737548244,Native
anti-CT3-1,anti-CT3,1,K,hetero,0.0659805182870796,Native
anti-CT3-1,anti-CT3,1,L,hetero,0.15089138026098148,Native
anti-CT3-1,anti-CT3,1,M,hetero,0.022606138577467363,Native
anti-CT3-1,anti-CT3,1,N,hetero,0.06377504135269252,Native
anti-CT3-1,anti-CT3,1,T,hetero,0.1069656313177725,Native
anti-CT3-1,anti-CT3,1,U,hetero,0.13839367763278812,Native
anti-CT3-1,anti-CT3,1,O,hetero,0.7044660907921338,Native
anti-CT3-1,anti-CT3,1,CT1,hetero,0.011027384671935292,Centroid
anti-CT3-1,anti-CT3,1,CT2,hetero,0.8628928505789377,Centroid
anti-CT3-1,anti-CT3,1,CT3,homo,1,Centroid
anti-CT3-1,anti-CT3,1,CT4,hetero,0.7487594192244074,Centroid
anti-CT3-1,anti-CT3,1,RT,hetero,0.2477485756294799,Root
anti-CT3-1,anti-CT3,1,CS,hetero,0.41040249954052566,Consense
anti-CT3-2,anti-CT3,2,A,hetero,0.47361132481920304,Native
anti-CT3-2,anti-CT3,2,B,hetero,0.4494537621172489,Native
anti-CT3-2,anti-CT3,2,C,hetero,0.1352515771657178,Native
anti-CT3-2,anti-CT3,2,D,hetero,0.4422218802892753,Native
anti-CT3-2,anti-CT3,2,E,hetero,0.4316048622865057,Native
anti-CT3-2,anti-CT3,2,F,hetero,0.45237728881366374,Native
anti-CT3-2,anti-CT3,2,G,hetero,0.6757962763502078,Native
anti-CT3-2,anti-CT3,2,H,hetero,0.5476227111863364,Native
anti-CT3-2,anti-CT3,2,I,hetero,0.5130020003077398,Native
anti-CT3-2,anti-CT3,2,J,hetero,0.21418679796891832,Native
anti-CT3-2,anti-CT3,2,K,hetero,0.1495614709955378,Native
anti-CT3-2,anti-CT3,2,L,hetero,0.46453300507770434,Native
anti-CT3-2,anti-CT3,2,M,hetero,0.30743191260193886,Native
anti-CT3-2,anti-CT3,2,N,hetero,0.4359132174180644,Native
anti-CT3-2,anti-CT3,2,T,hetero,0.41591014002154186,Native
anti-CT3-2,anti-CT3,2,U,hetero,0.48745960917064174,Native
anti-CT3-2,anti-CT3,2,O,hetero,0.3691337128789045,Native
anti-CT3-2,anti-CT3,2,CT1,hetero,0.2640406216340975,Centroid
anti-CT3-2,anti-CT3,2,CT2,hetero,0.7094937682720419,Centroid
anti-CT3-2,anti-CT3,2,CT3,homo,1,Centroid
anti-CT3-2,anti-CT3,2,CT4,hetero,0.711340206185567,Centroid
anti-CT3-2,anti-CT3,2,RT,hetero,0.35374673026619485,Root
anti-CT3-2,anti-CT3,2,CS,hetero,0.663332820433913,Consense
anti-I-2,anti-I,2,A,hetero,0.5660972892684739,Native
anti-I-2,anti-I,2,B,hetero,0.40345339769773486,Native
anti-I-2,anti-I,2,C,hetero,0.090976606015596,Native
anti-I-2,anti-I,2,D,hetero,0.5742666171555887,Native
anti-I-2,anti-I,2,E,hetero,0.4823616784255478,Native
anti-I-2,anti-I,2,F,hetero,0.6732268845154105,Native
anti-I-2,anti-I,2,G,hetero,0.20757519494987003,Native
anti-I-2,anti-I,2,H,hetero,0.6732268845154105,Native
anti-I-2,anti-I,2,I,homo,1,Native
anti-I-2,anti-I,2,J,hetero,0.07315261789825475,Native
anti-I-2,anti-I,2,K,hetero,0.22818418121054587,Native
anti-I-2,anti-I,2,L,hetero,0.545673969550687,Native
anti-I-2,anti-I,2,M,hetero,0.24749350167099896,Native
anti-I-2,anti-I,2,N,hetero,0.142963238024508,Native
anti-I-2,anti-I,2,T,hetero,0.1676568882287412,Native
anti-I-2,anti-I,2,U,hetero,0.4782770144819904,Native
anti-I-2,anti-I,2,O,hetero,0.10750092833271446,Native
anti-I-2,anti-I,2,CT1,hetero,0.11344225770516154,Centroid
anti-I-2,anti-I,2,CT2,hetero,0.6659858893427405,Centroid
anti-I-2,anti-I,2,CT3,hetero,0.6975492016338657,Centroid
anti-I-2,anti-I,2,CT4,hetero,0.7666171555885629,Centroid
anti-I-2,anti-I,2,RT,hetero,0.22985518009654662,Root
anti-I-2,anti-I,2,CS,hetero,0.7291125139249908,Consense
anti-J-2,anti-J,2,A,hetero,0.09801762114537445,Native
anti-J-2,anti-J,2,B,hetero,0.23410950283196974,Native
anti-J-2,anti-J,2,C,hetero,0.0500314663310258,Native
anti-J-2,anti-J,2,D,hetero,0.7990874764002517,Native
anti-J-2,anti-J,2,E,hetero,0.06812460667086218,Native
anti-J-2,anti-J,2,F,hetero,0.14065449968533664,Native
anti-J-2,anti-J,2,G,hetero,0.02485840151038389,Native
anti-J-2,anti-J,2,H,hetero,0.893486469477659,Native
anti-J-2,anti-J,2,I,hetero,0.29483952171176836,Native
anti-J-2,anti-J,2,J,homo,1,Native
anti-J-2,anti-J,2,K,hetero,0.07960981749528004,Native
anti-J-2,anti-J,2,L,hetero,0.35808684707363114,Native
anti-J-2,anti-J,2,M,hetero,0.06906859660163625,Native
anti-J-2,anti-J,2,N,hetero,0.09848961611076146,Native
anti-J-2,anti-J,2,T,hetero,0.11626809314033981,Native
anti-J-2,anti-J,2,U,hetero,0.12224669603524227,Native
anti-J-2,anti-J,2,O,hetero,0.49543738200125864,Native
anti-J-2,anti-J,2,CT1,hetero,0.06041535556954058,Centroid
anti-J-2,anti-J,2,CT2,hetero,0.6260226557583385,Centroid
anti-J-2,anti-J,2,CT3,hetero,0.5177784770295784,Centroid
anti-J-2,anti-J,2,CT4,hetero,0.5522341095028319,Centroid
anti-J-2,anti-J,2,RT,hetero,0.17086217747010699,Root
anti-J-2,anti-J,2,CS,hetero,0.7581812460667084,Consense
anti-K-2,anti-K,2,A,hetero,0.07336837494524745,Native
anti-K-2,anti-K,2,B,hetero,0.535041611914148,Native
anti-K-2,anti-K,2,C,hetero,0.15703022339027592,Native
anti-K-2,anti-K,2,D,hetero,0.44875164257555844,Native
anti-K-2,anti-K,2,E,hetero,0.3272010512483574,Native
anti-K-2,anti-K,2,F,hetero,0.40626368812965397,Native
anti-K-2,anti-K,2,G,hetero,0.34253175646079714,Native
anti-K-2,anti-K,2,H,hetero,0.21265878230398597,Native
anti-K-2,anti-K,2,I,hetero,0.5825667980727114,Native
anti-K-2,anti-K,2,J,hetero,0.2912833990363557,Native
anti-K-2,anti-K,2,K,homo,1,Native
anti-K-2,anti-K,2,L,hetero,0.17345597897503284,Native
anti-K-2,anti-K,2,M,hetero,0.1946999561979851,Native
anti-K-2,anti-K,2,N,hetero,0.07052124397722294,Native
anti-K-2,anti-K,2,T,hetero,0.41546211125711785,Native
anti-K-2,anti-K,2,U,hetero,0.14980289093298288,Native
anti-K-2,anti-K,2,O,hetero,0.2319316688567674,Native
anti-K-2,anti-K,2,CT1,hetero,0.13644327639071396,Centroid
anti-K-2,anti-K,2,CT2,hetero,0.7549277266754271,Centroid
anti-K-2,anti-K,2,CT3,hetero,0.6346911957950064,Centroid
anti-K-2,anti-K,2,CT4,hetero,0.6671046868155934,Centroid
anti-K-2,anti-K,2,RT,hetero,0.27551467367498905,Root
anti-K-2,anti-K,2,CS,hetero,0.6712658782303986,Consense
anti-L-2,anti-L,2,A,hetero,0.4304924903946909,Native
anti-L-2,anti-L,2,B,hetero,0.31435557107928747,Native
anti-L-2,anti-L,2,C,hetero,0.052741879147747125,Native
anti-L-2,anti-L,2,D,hetero,0.4048201187565491,Native
anti-L-2,anti-L,2,E,hetero,0.41442542787286063,Native
anti-L-2,anti-L,2,F,hetero,0.5417394341599722,Native
anti-L-2,anti-L,2,G,hetero,0.11928047502619629,Native
anti-L-2,anti-L,2,H,hetero,0.5412155082081732,Native
anti-L-2,anti-L,2,I,hetero,0.46262661543835143,Native
anti-L-2,anti-L,2,J,hetero,0.11962975899406215,Native
anti-L-2,anti-L,2,K,hetero,0.0656653859587845,Native
anti-L-2,anti-L,2,L,homo,1,Native
anti-L-2,anti-L,2,M,hetero,0.22755850506461758,Native
anti-L-2,anti-L,2,N,hetero,0.2595179881243451,Native
anti-L-2,anti-L,2,T,hetero,0.2862382116660845,Native
anti-L-2,anti-L,2,U,hetero,0.4418442193503318,Native
anti-L-2,anti-L,2,O,hetero,0.2769821865176389,Native
anti-L-2,anti-L,2,CT1,hetero,0.09483059727558506,Centroid
anti-L-2,anti-L,2,CT2,hetero,0.7525323087670276,Centroid
anti-L-2,anti-L,2,CT3,hetero,0.5696821515892421,Centroid
anti-L-2,anti-L,2,CT4,hetero,0.7107928746070555,Centroid
anti-L-2,anti-L,2,RT,hetero,0.07492141110723019,Root
anti-L-2,anti-L,2,CS,hetero,0.27960181627663294,Consense
anti-M-2,anti-M,2,A,hetero,0.060263304283330245,Native
anti-M-2,anti-M,2,B,hetero,0.023919896161691084,Native
anti-M-2,anti-M,2,C,hetero,0.05432968663081774,Native
anti-M-2,anti-M,2,D,hetero,0.02206564064528092,Native
anti-M-2,anti-M,2,E,hetero,0.06174670869645837,Native
anti-M-2,anti-M,2,F,hetero,0.056183942147227904,Native
anti-M-2,anti-M,2,G,hetero,0.012052660856666047,Native
anti-M-2,anti-M,2,H,hetero,0.04153532356758762,Native
anti-M-2,anti-M,2,I,hetero,0.14389022807342852,Native
anti-M-2,anti-M,2,J,hetero,0.3022436491748563,Native
anti-M-2,anti-M,2,K,hetero,0.04301872798071574,Native
anti-M-2,anti-M,2,L,hetero,0.008158724272204711,Native
anti-M-2,anti-M,2,M,homo,1,Native
anti-M-2,anti-M,2,N,hetero,0.22992768403486,Native
anti-M-2,anti-M,2,T,hetero,0.03986649360281848,Native
anti-M-2,anti-M,2,U,hetero,0.02076766178379381,Native
anti-M-2,anti-M,2,O,hetero,0.07917671055071389,Native
anti-M-2,anti-M,2,CT1,hetero,0.0040793621361023555,Centroid
anti-M-2,anti-M,2,CT2,hetero,0.05729649545707398,Centroid
anti-M-2,anti-M,2,CT3,hetero,0.27980715742629336,Centroid
anti-M-2,anti-M,2,CT4,hetero,0.05377340997589467,Centroid
anti-M-2,anti-M,2,RT,hetero,0.013906916373076209,Root
anti-M-2,anti-M,2,CS,hetero,0.04895234563322827,Consense
anti-N-2,anti-N,2,A,hetero,0.11847310126582279,Native
anti-N-2,anti-N,2,B,hetero,0.34256329113924044,Native
anti-N-2,anti-N,2,C,hetero,0.20965189873417722,Native
anti-N-2,anti-N,2,D,hetero,0.10185917721518987,Native
anti-N-2,anti-N,2,E,hetero,0.1738528481012658,Native
anti-N-2,anti-N,2,F,hetero,0.17780854430379747,Native
anti-N-2,anti-N,2,G,hetero,0.026898734177215188,Native
anti-N-2,anti-N,2,H,hetero,0.20352056962025314,Native
anti-N-2,anti-N,2,I,hetero,0.2029272151898734,Native
anti-N-2,anti-N,2,J,hetero,0.05122626582278482,Native
anti-N-2,anti-N,2,K,hetero,0.1471518987341772,Native
anti-N-2,anti-N,2,L,hetero,0.10660601265822785,Native
anti-N-2,anti-N,2,M,hetero,0.2165743670886076,Native
anti-N-2,anti-N,2,N,homo,1,Native
anti-N-2,anti-N,2,T,hetero,0.16831487341772153,Native
anti-N-2,anti-N,2,U,hetero,0.1964003164556962,Native
anti-N-2,anti-N,2,O,hetero,0.1449762658227848,Native
anti-N-2,anti-N,2,CT1,hetero,0.024920886075949365,Centroid
anti-N-2,anti-N,2,CT2,hetero,0.3113132911392405,Centroid
anti-N-2,anti-N,2,CT3,hetero,0.3625395569620253,Centroid
anti-N-2,anti-N,2,CT4,hetero,0.3263449367088607,Centroid
anti-N-2,anti-N,2,RT,hetero,0.03777689873417722,Root
anti-N-2,anti-N,2,CS,hetero,0.22567246835443036,Consense
anti-T-2,anti-T,2,A,hetero,0.30241256779502523,Native
anti-T-2,anti-T,2,B,hetero,0.531138956424163,Native
anti-T-2,anti-T,2,C,hetero,0.40284271554142503,Native
anti-T-2,anti-T,2,D,hetero,0.42042266691602764,Native
anti-T-2,anti-T,2,E,hetero,0.5270244997194687,Native
anti-T-2,anti-T,2,F,hetero,0.9255657377968952,Native
anti-T-2,anti-T,2,G,hetero,0.21582195623714232,Native
anti-T-2,anti-T,2,H,hetero,0.971011782307836,Native
anti-T-2,anti-T,2,I,hetero,0.6338133532822142,Native
anti-T-2,anti-T,2,J,hetero,0.5015896764540864,Native
anti-T-2,anti-T,2,K,hetero,0.5305778941462502,Native
anti-T-2,anti-T,2,L,hetero,0.5518982607069384,Native
anti-T-2,anti-T,2,M,hetero,0.394239760613428,Native
anti-T-2,anti-T,2,N,hetero,0.3766598092388254,Native
anti-T-2,anti-T,2,T,homo,1,Native
anti-T-2,anti-T,2,U,hetero,0.33570226295118755,Native
anti-T-2,anti-T,2,O,hetero,0.556947821208154,Native
anti-T-2,anti-T,2,CT1,hetero,0.23863848887226477,Centroid
anti-T-2,anti-T,2,CT2,hetero,0.8210211333458013,Centroid
anti-T-2,anti-T,2,CT3,hetero,0.9040583504769029,Centroid
anti-T-2,anti-T,2,CT4,hetero,0.8556199738170935,Centroid
anti-T-2,anti-T,2,RT,hetero,0.9104170562932483,Root
anti-T-2,anti-T,2,CS,hetero,0.7198429025621842,Consense
anti-U-2,anti-U,2,A,hetero,0.06961011215951576,Native
anti-U-2,anti-U,2,B,hetero,-0.003738650525191379,Native
anti-U-2,anti-U,2,C,hetero,0.05180701442050916,Native
anti-U-2,anti-U,2,D,hetero,0.054655510058750224,Native
anti-U-2,anti-U,2,E,hetero,0.21951219512195128,Native
anti-U-2,anti-U,2,F,hetero,0.07388285561687734,Native
anti-U-2,anti-U,2,G,hetero,-0.0012462168417304597,Native
anti-U-2,anti-U,2,H,hetero,0.09489051094890513,Native
anti-U-2,anti-U,2,I,hetero,0.06747374043083496,Native
anti-U-2,anti-U,2,J,hetero,0.07156845291080649,Native
anti-U-2,anti-U,2,K,hetero,0.20758411963681683,Native
anti-U-2,anti-U,2,L,hetero,0.06587146163432438,Native
anti-U-2,anti-U,2,M,hetero,0.010325796688623821,Native
anti-U-2,anti-U,2,N,hetero,0.0218978102189781,Native
anti-U-2,anti-U,2,T,hetero,0.023500089015488702,Native
anti-U-2,anti-U,2,U,homo,1,Native
anti-U-2,anti-U,2,O,hetero,0.10948905109489053,Native
anti-U-2,anti-U,2,CT1,hetero,0.021719779241588043,Centroid
anti-U-2,anti-U,2,CT2,hetero,0.24069788143136908,Centroid
anti-U-2,anti-U,2,CT3,hetero,0.4270963147587681,Centroid
anti-U-2,anti-U,2,CT4,hetero,0.5579490831404664,Centroid
anti-U-2,anti-U,2,RT,hetero,0.056435819832650884,Root
anti-U-2,anti-U,2,CS,hetero,0.2787965105928432,Consense
anti-A-4,anti-A,PL_blot,A,homo,1,Native
anti-B-4,anti-B,PL_blot,A,hetero,0.4680765133652916,Native
anti-C-4,anti-C,PL_blot,A,hetero,0.2352084498103627,Native
anti-D-4,anti-D,PL_blot,A,hetero,0.006715468755783828,Native
anti-E-4,anti-E,PL_blot,A,hetero,0.1649313429001329,Native
anti-F-4,anti-F,PL_blot,A,hetero,0.0867488562510547,Native
anti-G-4,anti-G,PL_blot,A,hetero,0.03510202732481269,Native
anti-H-4,anti-H,PL_blot,A,hetero,0.31367062587321504,Native
anti-I-4,anti-I,PL_blot,A,hetero,0.2832437730269978,Native
anti-J-4,anti-J,PL_blot,A,hetero,0.21777447847203002,Native
anti-K-4,anti-K,PL_blot,A,hetero,0.5589044332537303,Native
anti-L-4,anti-L,PL_blot,A,hetero,0.7437255023393892,Native
anti-M-4,anti-M,PL_blot,A,hetero,0,Native
anti-N-4,anti-N,PL_blot,A,hetero,0.07601014538490779,Native
anti-T-4,anti-T,PL_blot,A,hetero,0.06583452537507034,Native
anti-U-4,anti-U,PL_blot,A,hetero,0.1184799627302153,Native
anti-A-4,anti-A,PL_blot,B,hetero,0.9468319580633296,Native
anti-B-4,anti-B,PL_blot,B,homo,1,Native
anti-C-4,anti-C,PL_blot,B,hetero,0.7436519137490744,Native
anti-D-4,anti-D,PL_blot,B,hetero,0.0717137643036678,Native
anti-E-4,anti-E,PL_blot,B,hetero,0.14368057823760658,Native
anti-F-4,anti-F,PL_blot,B,hetero,0.12080509118322261,Native
anti-G-4,anti-G,PL_blot,B,hetero,0.15953040987219042,Native
anti-H-4,anti-H,PL_blot,B,hetero,0.2354343588877346,Native
anti-I-4,anti-I,PL_blot,B,hetero,0.398420211782092,Native
anti-J-4,anti-J,PL_blot,B,hetero,0.1297611917763406,Native
anti-K-4,anti-K,PL_blot,B,hetero,0.7151744964919053,Native
anti-L-4,anti-L,PL_blot,B,hetero,0.2613673140774896,Native
anti-M-4,anti-M,PL_blot,B,hetero,0.13824852571599192,Native
anti-N-4,anti-N,PL_blot,B,hetero,0.029520550769959044,Native
anti-T-4,anti-T,PL_blot,B,hetero,0.050149311931624876,Native
anti-U-4,anti-U,PL_blot,B,hetero,0.05915199420597993,Native
anti-A-4,anti-A,PL_blot,C,hetero,0,Native
anti-B-4,anti-B,PL_blot,C,hetero,0.5546501378218094,Native
anti-C-4,anti-C,PL_blot,C,homo,1,Native
anti-D-4,anti-D,PL_blot,C,hetero,0.015413134273326377,Native
anti-E-4,anti-E,PL_blot,C,hetero,0.07428903682155212,Native
anti-F-4,anti-F,PL_blot,C,hetero,0.012428760685066723,Native
anti-G-4,anti-G,PL_blot,C,hetero,0.017537681798148966,Native
anti-H-4,anti-H,PL_blot,C,hetero,0.44286165649514386,Native
anti-I-4,anti-I,PL_blot,C,hetero,0.3242121424416181,Native
anti-J-4,anti-J,PL_blot,C,hetero,0.07398273736128234,Native
anti-K-4,anti-K,PL_blot,C,hetero,0.6896830983250456,Native
anti-L-4,anti-L,PL_blot,C,hetero,0.15031449901909472,Native
anti-M-4,anti-M,PL_blot,C,hetero,0.3120560352335216,Native
anti-N-4,anti-N,PL_blot,C,hetero,0.13710681702445074,Native
anti-T-4,anti-T,PL_blot,C,hetero,0,Native
anti-U-4,anti-U,PL_blot,C,hetero,0.1344709722810901,Native
anti-A-4,anti-A,PL_blot,D,hetero,0.6346888332910305,Native
anti-B-4,anti-B,PL_blot,D,hetero,0.3066949304021194,Native
anti-C-4,anti-C,PL_blot,D,hetero,0.5070575258012361,Native
anti-D-4,anti-D,PL_blot,D,homo,1,Native
anti-E-4,anti-E,PL_blot,D,hetero,0.10245472662613007,Native
anti-F-4,anti-F,PL_blot,D,hetero,0.4578570204193901,Native
anti-G-4,anti-G,PL_blot,D,hetero,0.026378801234023797,Native
anti-H-4,anti-H,PL_blot,D,hetero,0.8990222909951173,Native
anti-I-4,anti-I,PL_blot,D,hetero,0.4180394614817207,Native
anti-J-4,anti-J,PL_blot,D,hetero,0.3387714839326606,Native
anti-K-4,anti-K,PL_blot,D,hetero,0.5039089070164857,Native
anti-L-4,anti-L,PL_blot,D,hetero,0.4845752140611079,Native
anti-M-4,anti-M,PL_blot,D,hetero,0.4177334594043147,Native
anti-N-4,anti-N,PL_blot,D,hetero,0.21600341227774467,Native
anti-T-4,anti-T,PL_blot,D,hetero,0.0701900369847942,Native
anti-U-4,anti-U,PL_blot,D,hetero,0.16954403281264416,Native
anti-A-4,anti-A,PL_blot,E,hetero,0.2770953227006746,Native
anti-B-4,anti-B,PL_blot,E,hetero,0.06989301772113458,Native
anti-C-4,anti-C,PL_blot,E,hetero,0.06099457531845449,Native
anti-D-4,anti-D,PL_blot,E,hetero,0.02927447921064391,Native
anti-E-4,anti-E,PL_blot,E,homo,1,Native
anti-F-4,anti-F,PL_blot,E,hetero,0.14733820641916776,Native
anti-G-4,anti-G,PL_blot,E,hetero,0.386293521375055,Native
anti-H-4,anti-H,PL_blot,E,hetero,0.18729722231217547,Native
anti-I-4,anti-I,PL_blot,E,hetero,0.1889327931922028,Native
anti-J-4,anti-J,PL_blot,E,hetero,0.23444424872291703,Native
anti-K-4,anti-K,PL_blot,E,hetero,1.193030275806898,Native
anti-L-4,anti-L,PL_blot,E,hetero,0,Native
anti-M-4,anti-M,PL_blot,E,hetero,0.031151061235661498,Native
anti-N-4,anti-N,PL_blot,E,hetero,0.17405126844207916,Native
anti-T-4,anti-T,PL_blot,E,hetero,0.1041323892495409,Native
anti-U-4,anti-U,PL_blot,E,hetero,0.07199582126656204,Native
anti-A-4,anti-A,PL_blot,F,hetero,0.2326865334044709,Native
anti-B-4,anti-B,PL_blot,F,hetero,0.3479541791436298,Native
anti-C-4,anti-C,PL_blot,F,hetero,0,Native
anti-D-4,anti-D,PL_blot,F,hetero,0,Native
anti-E-4,anti-E,PL_blot,F,hetero,0.13748547369652292,Native
anti-F-4,anti-F,PL_blot,F,homo,1,Native
anti-G-4,anti-G,PL_blot,F,hetero,0.005041427941824577,Native
anti-H-4,anti-H,PL_blot,F,hetero,0.4330778564212169,Native
anti-I-4,anti-I,PL_blot,F,hetero,0.15891962829038686,Native
anti-J-4,anti-J,PL_blot,F,hetero,0,Native
anti-K-4,anti-K,PL_blot,F,hetero,0.3000593320650817,Native
anti-L-4,anti-L,PL_blot,F,hetero,0.19115267361624433,Native
anti-M-4,anti-M,PL_blot,F,hetero,0.11657070342631069,Native
anti-N-4,anti-N,PL_blot,F,hetero,0,Native
anti-T-4,anti-T,PL_blot,F,hetero,0.18558100346371845,Native
anti-U-4,anti-U,PL_blot,F,hetero,0.18750490413503537,Native
anti-A-4,anti-A,PL_blot,G,hetero,0.3312315788928429,Native
anti-B-4,anti-B,PL_blot,G,hetero,0.14232543974663275,Native
anti-C-4,anti-C,PL_blot,G,hetero,0.05516402484171712,Native
anti-D-4,anti-D,PL_blot,G,hetero,0.0612983400886412,Native
anti-E-4,anti-E,PL_blot,G,hetero,0.5582384995147672,Native
anti-F-4,anti-F,PL_blot,G,hetero,0.2825495070883866,Native
anti-G-4,anti-G,PL_blot,G,homo,1,Native
anti-H-4,anti-H,PL_blot,G,hetero,0.31853014274557306,Native
anti-I-4,anti-I,PL_blot,G,hetero,0,Native
anti-J-4,anti-J,PL_blot,G,hetero,0.17748660006542688,Native
anti-K-4,anti-K,PL_blot,G,hetero,1.27901471257514,Native
anti-L-4,anti-L,PL_blot,G,hetero,0.289603552435482,Native
anti-M-4,anti-M,PL_blot,G,hetero,0.10835950135609247,Native
anti-N-4,anti-N,PL_blot,G,hetero,0.26776809600998397,Native
anti-T-4,anti-T,PL_blot,G,hetero,0.12525291511402817,Native
anti-U-4,anti-U,PL_blot,G,hetero,0.21361706346796133,Native
anti-A-4,anti-A,PL_blot,H,hetero,0.9237225874069123,Native
anti-B-4,anti-B,PL_blot,H,hetero,0.4329057528107489,Native
anti-C-4,anti-C,PL_blot,H,hetero,0.5414729748107404,Native
anti-D-4,anti-D,PL_blot,H,hetero,0.04357808652810241,Native
anti-E-4,anti-E,PL_blot,H,hetero,0.18554426870587115,Native
anti-F-4,anti-F,PL_blot,H,hetero,0.25249534151242836,Native
anti-G-4,anti-G,PL_blot,H,hetero,0.03207029528426619,Native
anti-H-4,anti-H,PL_blot,H,homo,1,Native
anti-I-4,anti-I,PL_blot,H,hetero,0.4654516366359316,Native
anti-J-4,anti-J,PL_blot,H,hetero,0.1097158962228541,Native
anti-K-4,anti-K,PL_blot,H,hetero,0.4821169601843342,Native
anti-L-4,anti-L,PL_blot,H,hetero,0.6306496949404464,Native
anti-M-4,anti-M,PL_blot,H,hetero,0.2618412998581701,Native
anti-N-4,anti-N,PL_blot,H,hetero,0.18321380798003198,Native
anti-T-4,anti-T,PL_blot,H,hetero,0.09113996327384066,Native
anti-U-4,anti-U,PL_blot,H,hetero,0.20100535178612292,Native
anti-A-4,anti-A,PL_blot,I,hetero,0.8342208270958406,Native
anti-B-4,anti-B,PL_blot,I,hetero,0.34945896270574,Native
anti-C-4,anti-C,PL_blot,I,hetero,0.3169304462140558,Native
anti-D-4,anti-D,PL_blot,I,hetero,0.054919890750546846,Native
anti-E-4,anti-E,PL_blot,I,hetero,0.12546235484466417,Native
anti-F-4,anti-F,PL_blot,I,hetero,0.5645914195243226,Native
anti-G-4,anti-G,PL_blot,I,hetero,0.04582393124724547,Native
anti-H-4,anti-H,PL_blot,I,hetero,0.3142395193054716,Native
anti-I-4,anti-I,PL_blot,I,homo,1,Native
anti-J-4,anti-J,PL_blot,I,hetero,0.4409990185963411,Native
anti-K-4,anti-K,PL_blot,I,hetero,0.21337659999953934,Native
anti-L-4,anti-L,PL_blot,I,hetero,0.2653503689882092,Native
anti-M-4,anti-M,PL_blot,I,hetero,0.226945681654184,Native
anti-N-4,anti-N,PL_blot,I,hetero,0.4236368371789446,Native
anti-T-4,anti-T,PL_blot,I,hetero,0.17455320816729303,Native
anti-U-4,anti-U,PL_blot,I,hetero,0.2662429056249075,Native
anti-A-4,anti-A,PL_blot,J,hetero,0.39237929480505346,Native
anti-B-4,anti-B,PL_blot,J,hetero,0.5122109969967776,Native
anti-C-4,anti-C,PL_blot,J,hetero,0.85218211215038,Native
anti-D-4,anti-D,PL_blot,J,hetero,0.12101537442421818,Native
anti-E-4,anti-E,PL_blot,J,hetero,0.41847999057993207,Native
anti-F-4,anti-F,PL_blot,J,hetero,0.7455650799683041,Native
anti-G-4,anti-G,PL_blot,J,hetero,0.182695240193918,Native
anti-H-4,anti-H,PL_blot,J,hetero,0.6399423871410247,Native
anti-I-4,anti-I,PL_blot,J,hetero,0.6827999807046817,Native
anti-J-4,anti-J,PL_blot,J,homo,1,Native
anti-K-4,anti-K,PL_blot,J,hetero,0.5255149269669336,Native
anti-L-4,anti-L,PL_blot,J,hetero,0.3887429129091934,Native
anti-M-4,anti-M,PL_blot,J,hetero,0.3094448729751923,Native
anti-N-4,anti-N,PL_blot,J,hetero,0.25890679801754374,Native
anti-T-4,anti-T,PL_blot,J,hetero,0.36768038293884875,Native
anti-U-4,anti-U,PL_blot,J,hetero,0.7112228606398309,Native
anti-A-4,anti-A,PL_blot,K,hetero,0.31838666065795396,Native
anti-B-4,anti-B,PL_blot,K,hetero,0.16406450835168002,Native
anti-C-4,anti-C,PL_blot,K,hetero,0.7354771150969341,Native
anti-D-4,anti-D,PL_blot,K,hetero,0.15714709796764953,Native
anti-E-4,anti-E,PL_blot,K,hetero,0.42524191794462884,Native
anti-F-4,anti-F,PL_blot,K,hetero,0.32316925978437416,Native
anti-G-4,anti-G,PL_blot,K,hetero,0.44112560599382994,Native
anti-H-4,anti-H,PL_blot,K,hetero,0.2801412139368972,Native
anti-I-4,anti-I,PL_blot,K,hetero,0.559037125278688,Native
anti-J-4,anti-J,PL_blot,K,hetero,0.3456085960894839,Native
anti-K-4,anti-K,PL_blot,K,homo,1,Native
anti-L-4,anti-L,PL_blot,K,hetero,0.2963158115543054,Native
anti-M-4,anti-M,PL_blot,K,hetero,0.24148050461569087,Native
anti-N-4,anti-N,PL_blot,K,hetero,0.40878948415971544,Native
anti-T-4,anti-T,PL_blot,K,hetero,0.4378709172984986,Native
anti-U-4,anti-U,PL_blot,K,hetero,0.690211001743656,Native
anti-A-4,anti-A,PL_blot,L,hetero,0.9050347141285899,Native
anti-B-4,anti-B,PL_blot,L,hetero,0.44493877053625913,Native
anti-C-4,anti-C,PL_blot,L,hetero,0.18442164432826116,Native
anti-D-4,anti-D,PL_blot,L,hetero,0.02432322121852964,Native
anti-E-4,anti-E,PL_blot,L,hetero,0.20031821448982942,Native
anti-F-4,anti-F,PL_blot,L,hetero,0.043185408912671135,Native
anti-G-4,anti-G,PL_blot,L,hetero,0.0046007051564565735,Native
anti-H-4,anti-H,PL_blot,L,hetero,0.4346573379813386,Native
anti-I-4,anti-I,PL_blot,L,hetero,0.41589685055041176,Native
anti-J-4,anti-J,PL_blot,L,hetero,0.10518634087420416,Native
anti-K-4,anti-K,PL_blot,L,hetero,0.4560404682198307,Native
anti-L-4,anti-L,PL_blot,L,homo,1,Native
anti-M-4,anti-M,PL_blot,L,hetero,0.1086083256612506,Native
anti-N-4,anti-N,PL_blot,L,hetero,0.1035791261126213,Native
anti-T-4,anti-T,PL_blot,L,hetero,0.024577281110299835,Native
anti-U-4,anti-U,PL_blot,L,hetero,0.14092456775487303,Native
anti-A-4,anti-A,PL_blot,M,hetero,0.13210966245884115,Native
anti-B-4,anti-B,PL_blot,M,hetero,0.45856736641217205,Native
anti-C-4,anti-C,PL_blot,M,hetero,0.8114205412593118,Native
anti-D-4,anti-D,PL_blot,M,hetero,0.054353030380377115,Native
anti-E-4,anti-E,PL_blot,M,hetero,0.07835809886946128,Native
anti-F-4,anti-F,PL_blot,M,hetero,0.3745866934903422,Native
anti-G-4,anti-G,PL_blot,M,hetero,0.04398104892022918,Native
anti-H-4,anti-H,PL_blot,M,hetero,0.7910784089771968,Native
anti-I-4,anti-I,PL_blot,M,hetero,0.735994681648012,Native
anti-J-4,anti-J,PL_blot,M,hetero,0.05530033468381186,Native
anti-K-4,anti-K,PL_blot,M,hetero,0.28294747746582655,Native
anti-L-4,anti-L,PL_blot,M,hetero,0.21105721015346873,Native
anti-M-4,anti-M,PL_blot,M,homo,1,Native
anti-N-4,anti-N,PL_blot,M,hetero,0.2766567388450973,Native
anti-T-4,anti-T,PL_blot,M,hetero,0.07665591010645806,Native
anti-U-4,anti-U,PL_blot,M,hetero,0.11434784935416442,Native
anti-A-4,anti-A,PL_blot,N,hetero,0.027499788486408733,Native
anti-B-4,anti-B,PL_blot,N,hetero,0,Native
anti-C-4,anti-C,PL_blot,N,hetero,0.2523307998005409,Native
anti-D-4,anti-D,PL_blot,N,hetero,0.01326496815009244,Native
anti-E-4,anti-E,PL_blot,N,hetero,0,Native
anti-F-4,anti-F,PL_blot,N,hetero,0,Native
anti-G-4,anti-G,PL_blot,N,hetero,0,Native
anti-H-4,anti-H,PL_blot,N,hetero,0.14825392018629371,Native
anti-I-4,anti-I,PL_blot,N,hetero,0.29271796601787764,Native
anti-J-4,anti-J,PL_blot,N,hetero,0.14965852185510453,Native
anti-K-4,anti-K,PL_blot,N,hetero,0,Native
anti-L-4,anti-L,PL_blot,N,hetero,0.06679146072982556,Native
anti-M-4,anti-M,PL_blot,N,hetero,0.1127353255866033,Native
anti-N-4,anti-N,PL_blot,N,homo,1,Native
anti-T-4,anti-T,PL_blot,N,hetero,0.004682286889795653,Native
anti-U-4,anti-U,PL_blot,N,hetero,0,Native
anti-A-4,anti-A,PL_blot,T,hetero,0.3175233398773048,Native
anti-B-4,anti-B,PL_blot,T,hetero,0.946851473399264,Native
anti-C-4,anti-C,PL_blot,T,hetero,0.5480330618474137,Native
anti-D-4,anti-D,PL_blot,T,hetero,0.023296920881244087,Native
anti-E-4,anti-E,PL_blot,T,hetero,0.22367622328380746,Native
anti-F-4,anti-F,PL_blot,T,hetero,0.7199782788466349,Native
anti-G-4,anti-G,PL_blot,T,hetero,0.13422675187307181,Native
anti-H-4,anti-H,PL_blot,T,hetero,0.6686685880677667,Native
anti-I-4,anti-I,PL_blot,T,hetero,0.8238845373260587,Native
anti-J-4,anti-J,PL_blot,T,hetero,0.1928800422758499,Native
anti-K-4,anti-K,PL_blot,T,hetero,1.3813567660437625,Native
anti-L-4,anti-L,PL_blot,T,hetero,0.4939914555356223,Native
anti-M-4,anti-M,PL_blot,T,hetero,0.4184122521087861,Native
anti-N-4,anti-N,PL_blot,T,hetero,0.21823358592197842,Native
anti-T-4,anti-T,PL_blot,T,homo,1,Native
anti-U-4,anti-U,PL_blot,T,hetero,0.6765746336303338,Native
anti-A-4,anti-A,PL_blot,U,hetero,1.138236218378718,Native
anti-B-4,anti-B,PL_blot,U,hetero,0.4290473109815289,Native
anti-C-4,anti-C,PL_blot,U,hetero,0.40869883195575624,Native
anti-D-4,anti-D,PL_blot,U,hetero,0.04596819049605243,Native
anti-E-4,anti-E,PL_blot,U,hetero,0.1535199540693362,Native
anti-F-4,anti-F,PL_blot,U,hetero,0.43606189820025365,Native
anti-G-4,anti-G,PL_blot,U,hetero,0.18472741295724987,Native
anti-H-4,anti-H,PL_blot,U,hetero,0,Native
anti-I-4,anti-I,PL_blot,U,hetero,0.3814339424456433,Native
anti-J-4,anti-J,PL_blot,U,hetero,0.2970598152947986,Native
anti-K-4,anti-K,PL_blot,U,hetero,0.7807964844352875,Native
anti-L-4,anti-L,PL_blot,U,hetero,0.5632374270314329,Native
anti-M-4,anti-M,PL_blot,U,hetero,0.5075037945706538,Native
anti-N-4,anti-N,PL_blot,U,hetero,0.376502397380633,Native
anti-T-4,anti-T,PL_blot,U,hetero,0.25711743418238536,Native
anti-U-4,anti-U,PL_blot,U,homo,1,Native
anti-A-5,anti-A,3_blot,A,homo,1,Native
anti-B-5,anti-B,3_blot,A,hetero,0.4651197200617317,Native
anti-C-5,anti-C,3_blot,A,hetero,0.19839523343219231,Native
anti-D-5,anti-D,3_blot,A,hetero,0.1229098109075029,Native
anti-E-5,anti-E,3_blot,A,hetero,0.06095624882117554,Native
anti-F-5,anti-F,3_blot,A,hetero,0.1881667011803686,Native
anti-G-5,anti-G,3_blot,A,hetero,0.11714306202124901,Native
anti-H-5,anti-H,3_blot,A,hetero,0.8960907755581667,Native
anti-I-5,anti-I,3_blot,A,hetero,0.08134189186458389,Native
anti-J-5,anti-J,3_blot,A,hetero,0.26028701119255343,Native
anti-K-5,anti-K,3_blot,A,hetero,0.14270793588394673,Native
anti-L-5,anti-L,3_blot,A,hetero,0.9454773674402706,Native
anti-M-5,anti-M,3_blot,A,hetero,0.23337399898900366,Native
anti-N-5,anti-N,3_blot,A,hetero,0.042076653473777606,Native
anti-T-5,anti-T,3_blot,A,hetero,0.1462114317155753,Native
anti-U-5,anti-U,3_blot,A,hetero,0.5813291096236861,Native
anti-A-5,anti-A,3_blot,B,hetero,0.13836707819657706,Native
anti-B-5,anti-B,3_blot,B,homo,1,Native
anti-C-5,anti-C,3_blot,B,hetero,0.5397904900865497,Native
anti-D-5,anti-D,3_blot,B,hetero,0.1188580221150858,Native
anti-E-5,anti-E,3_blot,B,hetero,0.07886126350079085,Native
anti-F-5,anti-F,3_blot,B,hetero,0.14814951335680265,Native
anti-G-5,anti-G,3_blot,B,hetero,0.1648287263491164,Native
anti-H-5,anti-H,3_blot,B,hetero,0.4098119858989424,Native
anti-I-5,anti-I,3_blot,B,hetero,0.15113640628292804,Native
anti-J-5,anti-J,3_blot,B,hetero,0.3741119345915168,Native
anti-K-5,anti-K,3_blot,B,hetero,0.40659239013943077,Native
anti-L-5,anti-L,3_blot,B,hetero,0.2029288951314946,Native
anti-M-5,anti-M,3_blot,B,hetero,0.15003134599911938,Native
anti-N-5,anti-N,3_blot,B,hetero,0.6560699821515342,Native
anti-T-5,anti-T,3_blot,B,hetero,0.10134922534877162,Native
anti-U-5,anti-U,3_blot,B,hetero,0.5596230067356894,Native
anti-A-5,anti-A,3_blot,C,hetero,0.6389750284819368,Native
anti-B-5,anti-B,3_blot,C,hetero,0.8705755138116161,Native
anti-C-5,anti-C,3_blot,C,homo,1,Native
anti-D-5,anti-D,3_blot,C,hetero,0.034062086351706114,Native
anti-E-5,anti-E,3_blot,C,hetero,0.41182528837947086,Native
anti-F-5,anti-F,3_blot,C,hetero,0.054573617726237325,Native
anti-G-5,anti-G,3_blot,C,hetero,0.22969488048250358,Native
anti-H-5,anti-H,3_blot,C,hetero,0.4351624559341951,Native
anti-I-5,anti-I,3_blot,C,hetero,0.3809577250511692,Native
anti-J-5,anti-J,3_blot,C,hetero,0.274784178383479,Native
anti-K-5,anti-K,3_blot,C,hetero,0.4705631752192587,Native
anti-L-5,anti-L,3_blot,C,hetero,0.6240151398221888,Native
anti-M-5,anti-M,3_blot,C,hetero,0.09612389625976087,Native
anti-N-5,anti-N,3_blot,C,hetero,0.12318237485161525,Native
anti-T-5,anti-T,3_blot,C,hetero,0.1519040044323432,Native
anti-U-5,anti-U,3_blot,C,hetero,0.4550641483452188,Native
anti-A-5,anti-A,3_blot,D,hetero,0.478936628519659,Native
anti-B-5,anti-B,3_blot,D,hetero,0.4756490412295088,Native
anti-C-5,anti-C,3_blot,D,hetero,0.0963374966919911,Native
anti-D-5,anti-D,3_blot,D,homo,1,Native
anti-E-5,anti-E,3_blot,D,hetero,0.1017027539600586,Native
anti-F-5,anti-F,3_blot,D,hetero,0.14411886518948022,Native
anti-G-5,anti-G,3_blot,D,hetero,0.05142887999541771,Native
anti-H-5,anti-H,3_blot,D,hetero,0.6253545828437133,Native
anti-I-5,anti-I,3_blot,D,hetero,0.19144649667002497,Native
anti-J-5,anti-J,3_blot,D,hetero,0.08009641003927837,Native
anti-K-5,anti-K,3_blot,D,hetero,0.12850752326292572,Native
anti-L-5,anti-L,3_blot,D,hetero,0.23568582439164731,Native
anti-M-5,anti-M,3_blot,D,hetero,0.05409437542218044,Native
anti-N-5,anti-N,3_blot,D,hetero,0,Native
anti-T-5,anti-T,3_blot,D,hetero,0.010361038568693413,Native
anti-U-5,anti-U,3_blot,D,hetero,0,Native
anti-A-5,anti-A,3_blot,E,hetero,0,Native
anti-B-5,anti-B,3_blot,E,hetero,0.4380506106947329,Native
anti-C-5,anti-C,3_blot,E,hetero,0.014187823170340532,Native
anti-D-5,anti-D,3_blot,E,hetero,0.24205176006666043,Native
anti-E-5,anti-E,3_blot,E,homo,1,Native
anti-F-5,anti-F,3_blot,E,hetero,0.12939076413336095,Native
anti-G-5,anti-G,3_blot,E,hetero,0.7066601780180852,Native
anti-H-5,anti-H,3_blot,E,hetero,0.1927144535840188,Native
anti-I-5,anti-I,3_blot,E,hetero,0.17750448182587128,Native
anti-J-5,anti-J,3_blot,E,hetero,0.5397994250040048,Native
anti-K-5,anti-K,3_blot,E,hetero,0.7672743917931167,Native
anti-L-5,anti-L,3_blot,E,hetero,0.04999603777997502,Native
anti-M-5,anti-M,3_blot,E,hetero,0.26376811501585196,Native
anti-N-5,anti-N,3_blot,E,hetero,0.33819341383157403,Native
anti-T-5,anti-T,3_blot,E,hetero,0.24852450631014514,Native
anti-U-5,anti-U,3_blot,E,hetero,0.43351990735218404,Native
anti-A-5,anti-A,3_blot,F,hetero,0.03458575267094137,Native
anti-B-5,anti-B,3_blot,F,hetero,0.47278312447608845,Native
anti-C-5,anti-C,3_blot,F,hetero,0.0025686933485511384,Native
anti-D-5,anti-D,3_blot,F,hetero,0.02911688489568492,Native
anti-E-5,anti-E,3_blot,F,hetero,0.2530154159706796,Native
anti-F-5,anti-F,3_blot,F,homo,1,Native
anti-G-5,anti-G,3_blot,F,hetero,0.10243145053214353,Native
anti-H-5,anti-H,3_blot,F,hetero,0.7560475910693303,Native
anti-I-5,anti-I,3_blot,F,hetero,0.5658034520884874,Native
anti-J-5,anti-J,3_blot,F,hetero,0.4544228784781795,Native
anti-K-5,anti-K,3_blot,F,hetero,0.2705504864854609,Native
anti-L-5,anti-L,3_blot,F,hetero,0.27231413253474124,Native
anti-M-5,anti-M,3_blot,F,hetero,0.09408113405415283,Native
anti-N-5,anti-N,3_blot,F,hetero,0.025336550255320472,Native
anti-T-5,anti-T,3_blot,F,hetero,0.5972222600915152,Native
anti-U-5,anti-U,3_blot,F,hetero,0.27908252087822155,Native
anti-A-5,anti-A,3_blot,G,hetero,0.0023964366328174383,Native
anti-B-5,anti-B,3_blot,G,hetero,0.46064782883963096,Native
anti-C-5,anti-C,3_blot,G,hetero,0.0013402178239083804,Native
anti-D-5,anti-D,3_blot,G,hetero,0.21926578214927364,Native
anti-E-5,anti-E,3_blot,G,hetero,0.4691906739777528,Native
anti-F-5,anti-F,3_blot,G,hetero,0.038406295299233804,Native
anti-G-5,anti-G,3_blot,G,homo,1,Native
anti-H-5,anti-H,3_blot,G,hetero,0,Native
anti-I-5,anti-I,3_blot,G,hetero,0.061793986125826005,Native
anti-J-5,anti-J,3_blot,G,hetero,0.9062356894885772,Native
anti-K-5,anti-K,3_blot,G,hetero,1.1132499138025853,Native
anti-L-5,anti-L,3_blot,G,hetero,0,Native
anti-M-5,anti-M,3_blot,G,hetero,0.3942853783216054,Native
anti-N-5,anti-N,3_blot,G,hetero,0.5580465187972822,Native
anti-T-5,anti-T,3_blot,G,hetero,0.36249593056577273,Native
anti-U-5,anti-U,3_blot,G,hetero,0.4196656162755759,Native
anti-A-5,anti-A,3_blot,H,hetero,0.7751021088789721,Native
anti-B-5,anti-B,3_blot,H,hetero,0.5868330529313309,Native
anti-C-5,anti-C,3_blot,H,hetero,0.3019325209867442,Native
anti-D-5,anti-D,3_blot,H,hetero,0.07175360960988968,Native
anti-E-5,anti-E,3_blot,H,hetero,0.16324383539833978,Native
anti-F-5,anti-F,3_blot,H,hetero,0.26830751708428247,Native
anti-G-5,anti-G,3_blot,H,hetero,0.09546205605335382,Native
anti-H-5,anti-H,3_blot,H,homo,1,Native
anti-I-5,anti-I,3_blot,H,hetero,0.1660992814644384,Native
anti-J-5,anti-J,3_blot,H,hetero,1.0770660486884283,Native
anti-K-5,anti-K,3_blot,H,hetero,0.3462719877524073,Native
anti-L-5,anti-L,3_blot,H,hetero,0.74115382608256275,Native
anti-M-5,anti-M,3_blot,H,hetero,0.4200188139900933,Native
anti-N-5,anti-N,3_blot,H,hetero,0.16724783050442826,Native
anti-T-5,anti-T,3_blot,H,hetero,0.8025344190974664,Native
anti-U-5,anti-U,3_blot,H,hetero,0.48041546566247867,Native
anti-A-5,anti-A,3_blot,I,hetero,0.09603674372445745,Native
anti-B-5,anti-B,3_blot,I,hetero,0.7142685909278654,Native
anti-C-5,anti-C,3_blot,I,hetero,0.12798792815292048,Native
anti-D-5,anti-D,3_blot,I,hetero,0.16517018657795268,Native
anti-E-5,anti-E,3_blot,I,hetero,0.28978478792919954,Native
anti-F-5,anti-F,3_blot,I,hetero,0.23816960033133155,Native
anti-G-5,anti-G,3_blot,I,hetero,0.1726349990883536,Native
anti-H-5,anti-H,3_blot,I,hetero,0.6635954759106932,Native
anti-I-5,anti-I,3_blot,I,homo,1,Native
anti-J-5,anti-J,3_blot,I,hetero,0.5124975872017824,Native
anti-K-5,anti-K,3_blot,I,hetero,0.6527307014883471,Native
anti-L-5,anti-L,3_blot,I,hetero,0.10237658651017324,Native
anti-M-5,anti-M,3_blot,I,hetero,0.43317454768777724,Native
anti-N-5,anti-N,3_blot,I,hetero,0.2778223180072127,Native
anti-T-5,anti-T,3_blot,I,hetero,0.36557506763304254,Native
anti-U-5,anti-U,3_blot,I,hetero,0.8059725831316351,Native
anti-A-5,anti-A,3_blot,J,hetero,0.13925291002016513,Native
anti-B-5,anti-B,3_blot,J,hetero,0.4001603812995641,Native
anti-C-5,anti-C,3_blot,J,hetero,0.19643744397077872,Native
anti-D-5,anti-D,3_blot,J,hetero,0.17234413206687443,Native
anti-E-5,anti-E,3_blot,J,hetero,0.34665421918513317,Native
anti-F-5,anti-F,3_blot,J,hetero,0.37367674466763307,Native
anti-G-5,anti-G,3_blot,J,hetero,0.17926225289901362,Native
anti-H-5,anti-H,3_blot,J,hetero,0.4852758519388954,Native
anti-I-5,anti-I,3_blot,J,hetero,0.5943547036798604,Native
anti-J-5,anti-J,3_blot,J,homo,1,Native
anti-K-5,anti-K,3_blot,J,hetero,0.28002256697235245,Native
anti-L-5,anti-L,3_blot,J,hetero,0.29427504765018253,Native
anti-M-5,anti-M,3_blot,J,hetero,0.4348268429114905,Native
anti-N-5,anti-N,3_blot,J,hetero,0.13820859301644708,Native
anti-T-5,anti-T,3_blot,J,hetero,0.3786297035706865,Native
anti-U-5,anti-U,3_blot,J,hetero,0.771046349576396,Native
anti-A-5,anti-A,3_blot,K,hetero,0.040784856327999934,Native
anti-B-5,anti-B,3_blot,K,hetero,0.6051073249963355,Native
anti-C-5,anti-C,3_blot,K,hetero,0.16550483032529656,Native
anti-D-5,anti-D,3_blot,K,hetero,0.2126657273205468,Native
anti-E-5,anti-E,3_blot,K,hetero,0.4323663467501082,Native
anti-F-5,anti-F,3_blot,K,hetero,0.16796873058604267,Native
anti-G-5,anti-G,3_blot,K,hetero,0.6264796764070727,Native
anti-H-5,anti-H,3_blot,K,hetero,0.15423031727379555,Native
anti-I-5,anti-I,3_blot,K,hetero,0.1925911304593835,Native
anti-J-5,anti-J,3_blot,K,hetero,0.687110591349248,Native
anti-K-5,anti-K,3_blot,K,homo,1,Native
anti-L-5,anti-L,3_blot,K,hetero,0.07871177872754477,Native
anti-M-5,anti-M,3_blot,K,hetero,0.4857485942230058,Native
anti-N-5,anti-N,3_blot,K,hetero,0.6313410692349408,Native
anti-T-5,anti-T,3_blot,K,hetero,0.3578882676507108,Native
anti-U-5,anti-U,3_blot,K,hetero,0.49260463269278093,Native
anti-A-5,anti-A,3_blot,L,hetero,0.905897989601361,Native
anti-B-5,anti-B,3_blot,L,hetero,0.40858599970682574,Native
anti-C-5,anti-C,3_blot,L,hetero,0.1508571623020109,Native
anti-D-5,anti-D,3_blot,L,hetero,0.07915049194939856,Native
anti-E-5,anti-E,3_blot,L,hetero,0,Native
anti-F-5,anti-F,3_blot,L,hetero,0.10222758335059016,Native
anti-G-5,anti-G,3_blot,L,hetero,0.025349016274527538,Native
anti-H-5,anti-H,3_blot,L,hetero,0.7286407168037603,Native
anti-I-5,anti-I,3_blot,L,hetero,0.034069815444039954,Native
anti-J-5,anti-J,3_blot,L,hetero,0.13062648977907543,Native
anti-K-5,anti-K,3_blot,L,hetero,0,Native
anti-L-5,anti-L,3_blot,L,homo,1,Native
anti-M-5,anti-M,3_blot,L,hetero,0.12361986537516467,Native
anti-N-5,anti-N,3_blot,L,hetero,0.035881854247869036,Native
anti-T-5,anti-T,3_blot,L,hetero,0.11384463786261587,Native
anti-U-5,anti-U,3_blot,L,hetero,0.4604847099395584,Native
anti-A-5,anti-A,3_blot,M,hetero,0.07556879759933928,Native
anti-B-5,anti-B,3_blot,M,hetero,0.5305673552333782,Native
anti-C-5,anti-C,3_blot,M,hetero,0.30433842925735294,Native
anti-D-5,anti-D,3_blot,M,hetero,0.05119637572540343,Native
anti-E-5,anti-E,3_blot,M,hetero,0.20581562439362627,Native
anti-F-5,anti-F,3_blot,M,hetero,0.15281631807827709,Native
anti-G-5,anti-G,3_blot,M,hetero,0.07528493868358262,Native
anti-H-5,anti-H,3_blot,M,hetero,0.9771571680376029,Native
anti-I-5,anti-I,3_blot,M,hetero,0.27671413601078526,Native
anti-J-5,anti-J,3_blot,M,hetero,0.08131144144669403,Native
anti-K-5,anti-K,3_blot,M,hetero,0.4192387293359672,Native
anti-L-5,anti-L,3_blot,M,hetero,0.23544339727095537,Native
anti-M-5,anti-M,3_blot,M,homo,1,Native
anti-N-5,anti-N,3_blot,M,hetero,0.1315842651535729,Native
anti-T-5,anti-T,3_blot,M,hetero,0,Native
anti-U-5,anti-U,3_blot,M,hetero,0.08442970105376321,Native
anti-A-5,anti-A,3_blot,N,hetero,0.2495285346151003,Native
anti-B-5,anti-B,3_blot,N,hetero,0.21687591690668848,Native
anti-C-5,anti-C,3_blot,N,hetero,0.2498583103046863,Native
anti-D-5,anti-D,3_blot,N,hetero,0.035412196914645595,Native
anti-E-5,anti-E,3_blot,N,hetero,0.006028570407650506,Native
anti-F-5,anti-F,3_blot,N,hetero,0.09966721888589773,Native
anti-G-5,anti-G,3_blot,N,hetero,0,Native
anti-H-5,anti-H,3_blot,N,hetero,0.22314512338425382,Native
anti-I-5,anti-I,3_blot,N,hetero,0,Native
anti-J-5,anti-J,3_blot,N,hetero,0,Native
anti-K-5,anti-K,3_blot,N,hetero,0.3272981802043302,Native
anti-L-5,anti-L,3_blot,N,hetero,0.1734797983381869,Native
anti-M-5,anti-M,3_blot,N,hetero,0.10187545573120532,Native
anti-N-5,anti-N,3_blot,N,homo,1,Native
anti-T-5,anti-T,3_blot,N,hetero,0.16332268691177249,Native
anti-U-5,anti-U,3_blot,N,hetero,0.10778582893069988,Native
anti-A-5,anti-A,3_blot,T,hetero,0.06386486435377871,Native
anti-B-5,anti-B,3_blot,T,hetero,0,Native
anti-C-5,anti-C,3_blot,T,hetero,0.031202082729307933,Native
anti-D-5,anti-D,3_blot,T,hetero,0,Native
anti-E-5,anti-E,3_blot,T,hetero,0.3881339135524217,Native
anti-F-5,anti-F,3_blot,T,hetero,0.16544833298819633,Native
anti-G-5,anti-G,3_blot,T,hetero,0.10733160448451318,Native
anti-H-5,anti-H,3_blot,T,hetero,0.1573757344300823,Native
anti-I-5,anti-I,3_blot,T,hetero,0.4318639776673719,Native
anti-J-5,anti-J,3_blot,T,hetero,0.23910844487866956,Native
anti-K-5,anti-K,3_blot,T,hetero,0.28178031236223605,Native
anti-L-5,anti-L,3_blot,T,hetero,0.31354966042255755,Native
anti-M-5,anti-M,3_blot,T,hetero,0,Native
anti-N-5,anti-N,3_blot,T,hetero,0.2897203552399204,Native
anti-T-5,anti-T,3_blot,T,homo,1,Native
anti-U-5,anti-U,3_blot,T,hetero,0.4425428020528679,Native
anti-A-5,anti-A,3_blot,U,hetero,0.018550649466744975,Native
anti-B-5,anti-B,3_blot,U,hetero,0.0964903179762639,Native
anti-C-5,anti-C,3_blot,U,hetero,0,Native
anti-D-5,anti-D,3_blot,U,hetero,0.0931832322346287,Native
anti-E-5,anti-E,3_blot,U,hetero,0.13361774381255687,Native
anti-F-5,anti-F,3_blot,U,hetero,0,Native
anti-G-5,anti-G,3_blot,U,hetero,0.09137232731296928,Native
anti-H-5,anti-H,3_blot,U,hetero,0.44572356051703876,Native
anti-I-5,anti-I,3_blot,U,hetero,0.6842698015871869,Native
anti-J-5,anti-J,3_blot,U,hetero,0.0860600547599061,Native
anti-K-5,anti-K,3_blot,U,hetero,0.2188278871094027,Native
anti-L-5,anti-L,3_blot,U,hetero,0.4336924549666773,Native
anti-M-5,anti-M,3_blot,U,hetero,0.23854145564301477,Native
anti-N-5,anti-N,3_blot,U,hetero,0.1705896008955249,Native
anti-T-5,anti-T,3_blot,U,hetero,0.09924784313169481,Native
anti-U-5,anti-U,3_blot,U,homo,1,Native
anti-A-3,anti-A,3,A,homo,1,Native
anti-A-3,anti-A,3,B,hetero,0.8510284911204804,Native
anti-A-3,anti-A,3,C,hetero,0.5829819854350325,Native
anti-A-3,anti-A,3,D,hetero,0.44627571227801205,Native
anti-A-3,anti-A,3,E,hetero,0.5955027469017504,Native
anti-A-3,anti-A,3,F,hetero,0.634598185767216,Native
anti-A-3,anti-A,3,G,hetero,0,Native
anti-A-3,anti-A,3,H,hetero,0.5909032835058132,Native
anti-A-3,anti-A,3,I,hetero,0.7801200970997829,Native
anti-A-3,anti-A,3,J,hetero,0.451513990034496,Native
anti-A-3,anti-A,3,K,hetero,0.7592947489459565,Native
anti-A-3,anti-A,3,L,hetero,0.7288871853839275,Native
anti-A-3,anti-A,3,M,hetero,0.5753162131084707,Native
anti-A-3,anti-A,3,N,hetero,0.4258336527405136,Native
anti-A-3,anti-A,3,T,hetero,0.5845151399003451,Native
anti-A-3,anti-A,3,U,hetero,0.24249393126357488,Native
anti-B-3,anti-B,3,A,hetero,0.16988656504785535,Native
anti-B-3,anti-B,3,B,homo,1,Native
anti-B-3,anti-B,3,C,hetero,0.2700283587380361,Native
anti-B-3,anti-B,3,D,hetero,0.24140375753278975,Native
anti-B-3,anti-B,3,E,hetero,0.18814250265863172,Native
anti-B-3,anti-B,3,F,hetero,1.000177242112726,Native
anti-B-3,anti-B,3,G,hetero,0.06602268699042893,Native
anti-B-3,anti-B,3,H,hetero,0.05600850762141087,Native
anti-B-3,anti-B,3,I,hetero,0.3278979085430698,Native
anti-B-3,anti-B,3,J,hetero,0.04856433888691954,Native
anti-B-3,anti-B,3,K,hetero,0.2402516838000709,Native
anti-B-3,anti-B,3,L,hetero,0.10501595179014538,Native
anti-B-3,anti-B,3,M,hetero,0.14002126905352713,Native
anti-B-3,anti-B,3,N,hetero,0,Native
anti-B-3,anti-B,3,T,hetero,0.14152782701169803,Native
anti-B-3,anti-B,3,U,hetero,0.025257001063452696,Native
anti-C-3,anti-C,3,A,hetero,0.907364639466256,Native
anti-C-3,anti-C,3,B,hetero,0.7746984860148833,Native
anti-C-3,anti-C,3,C,homo,1,Native
anti-C-3,anti-C,3,D,hetero,0.489222478829869,Native
anti-C-3,anti-C,3,E,hetero,0.7510905824993586,Native
anti-C-3,anti-C,3,F,hetero,0.6428021555042341,Native
anti-C-3,anti-C,3,G,hetero,0,Native
anti-C-3,anti-C,3,H,hetero,0.6747498075442648,Native
anti-C-3,anti-C,3,I,hetero,0.6964331537079803,Native
anti-C-3,anti-C,3,J,hetero,0.4740826276623042,Native
anti-C-3,anti-C,3,K,hetero,0.7295355401590966,Native
anti-C-3,anti-C,3,L,hetero,0.7172183731075185,Native
anti-C-3,anti-C,3,M,hetero,0.6496022581472927,Native
anti-C-3,anti-C,3,N,hetero,0.2972799589427765,Native
anti-C-3,anti-C,3,T,hetero,0.5441365152681551,Native
anti-C-3,anti-C,3,U,hetero,0.5392609699769054,Native
anti-D-3,anti-D,3,A,hetero,0.086787072243346,Native
anti-D-3,anti-D,3,B,hetero,0.4807984790874525,Native
anti-D-3,anti-D,3,C,hetero,0.03365019011406845,Native
anti-D-3,anti-D,3,D,homo,1,Native
anti-D-3,anti-D,3,E,hetero,0.31340304182509504,Native
anti-D-3,anti-D,3,F,hetero,0.3447718631178707,Native
anti-D-3,anti-D,3,G,hetero,0.00294676806083652,Native
anti-D-3,anti-D,3,H,hetero,0.002091254752851718,Native
anti-D-3,anti-D,3,I,hetero,0.313212927756654,Native
anti-D-3,anti-D,3,J,hetero,0,Native
anti-D-3,anti-D,3,K,hetero,0.28792775665399245,Native
anti-D-3,anti-D,3,L,hetero,0.03507604562737644,Native
anti-D-3,anti-D,3,M,hetero,0.014733840304182523,Native
anti-D-3,anti-D,3,N,hetero,0.026806083650190115,Native
anti-D-3,anti-D,3,T,hetero,0.06197718631178708,Native
anti-D-3,anti-D,3,U,hetero,2.851711026615919e-4,Native
anti-E-3,anti-E,3,A,hetero,0.033952946018245424,Native
anti-E-3,anti-E,3,B,hetero,0.15179367583510528,Native
anti-E-3,anti-E,3,C,hetero,0.033884354208107544,Native
anti-E-3,anti-E,3,D,hetero,0.011249056862610603,Native
anti-E-3,anti-E,3,E,homo,1,Native
anti-E-3,anti-E,3,F,hetero,0.18252280677687086,Native
anti-E-3,anti-E,3,G,hetero,0.056999794224569585,Native
anti-E-3,anti-E,3,H,hetero,0.03683380204403593,Native
anti-E-3,anti-E,3,I,hetero,0.16901022017971054,Native
anti-E-3,anti-E,3,J,hetero,0.2830784004389876,Native
anti-E-3,anti-E,3,K,hetero,0.18526647918238562,Native
anti-E-3,anti-E,3,L,hetero,0.01879415597777625,Native
anti-E-3,anti-E,3,M,hetero,0.10796350915700664,Native
anti-E-3,anti-E,3,N,hetero,0.08361341655806297,Native
anti-E-3,anti-E,3,T,hetero,0,Native
anti-E-3,anti-E,3,U,hetero,0.04945469510940392,Native
anti-F-3,anti-F,3,A,hetero,0.23091838533403844,Native
anti-F-3,anti-F,3,B,hetero,0.388242552441389,Native
anti-F-3,anti-F,3,C,hetero,0.21214524942711088,Native
anti-F-3,anti-F,3,D,hetero,0.252335624889829,Native
anti-F-3,anti-F,3,E,hetero,0.4214701216287678,Native
anti-F-3,anti-F,3,F,homo,1,Native
anti-F-3,anti-F,3,G,hetero,0,Native
anti-F-3,anti-F,3,H,hetero,0.7518949409483517,Native
anti-F-3,anti-F,3,I,hetero,0.47690816146659615,Native
anti-F-3,anti-F,3,J,hetero,0.2350608143839238,Native
anti-F-3,anti-F,3,K,hetero,0.4593689405958047,Native
anti-F-3,anti-F,3,L,hetero,0.15688348316587342,Native
anti-F-3,anti-F,3,M,hetero,0.21337916446324692,Native
anti-F-3,anti-F,3,N,hetero,0.0846113167636171,Native
anti-F-3,anti-F,3,T,hetero,0.322933192314472,Native
anti-F-3,anti-F,3,U,hetero,0.05323462013044245,Native
anti-G-3,anti-G,3,A,hetero,0.2738078972537232,Native
anti-G-3,anti-G,3,B,hetero,0.9029922120508264,Native
anti-G-3,anti-G,3,C,hetero,0.3082388304413171,Native
anti-G-3,anti-G,3,D,hetero,0.3471785763082388,Native
anti-G-3,anti-G,3,E,hetero,0.6502254406339663,Native
anti-G-3,anti-G,3,F,hetero,0.4346222161497472,Native
anti-G-3,anti-G,3,G,homo,1,Native
anti-G-3,anti-G,3,H,hetero,0.10834813499111896,Native
anti-G-3,anti-G,3,I,hetero,0.4540237737395819,Native
anti-G-3,anti-G,3,J,hetero,0.15029375597759254,Native
anti-G-3,anti-G,3,K,hetero,0.5320398961606776,Native
anti-G-3,anti-G,3,L,hetero,0.13526438037983327,Native
anti-G-3,anti-G,3,M,hetero,0.10834813499111896,Native
anti-G-3,anti-G,3,N,hetero,0.05929771826752287,Native
anti-G-3,anti-G,3,T,hetero,0.37682743544200026,Native
anti-G-3,anti-G,3,U,hetero,0,Native
anti-H-3,anti-H,3,A,hetero,0.36704484062668835,Native
anti-H-3,anti-H,3,B,hetero,0.619016747703944,Native
anti-H-3,anti-H,3,C,hetero,0.2766072393300919,Native
anti-H-3,anti-H,3,D,hetero,0.5052404105888709,Native
anti-H-3,anti-H,3,E,hetero,0.35245813074014043,Native
anti-H-3,anti-H,3,F,hetero,0.4535926526202053,Native
anti-H-3,anti-H,3,G,hetero,0,Native
anti-H-3,anti-H,3,H,homo,1,Native
anti-H-3,anti-H,3,I,hetero,0.4290653700702324,Native
anti-H-3,anti-H,3,J,hetero,0.45521339816315515,Native
anti-H-3,anti-H,3,K,hetero,0.3862776877363587,Native
anti-H-3,anti-H,3,L,hetero,0.26115613182063757,Native
anti-H-3,anti-H,3,M,hetero,0.14046461372231228,Native
anti-H-3,anti-H,3,N,hetero,0.1289032955159373,Native
anti-H-3,anti-H,3,T,hetero,0.2485143165856294,Native
anti-H-3,anti-H,3,U,hetero,0.20291734197730954,Native
anti-I-3,anti-I,3,A,hetero,0.0993114406779661,Native
anti-I-3,anti-I,3,B,hetero,0.8495762711864407,Native
anti-I-3,anti-I,3,C,hetero,0.19597457627118636,Native
anti-I-3,anti-I,3,D,hetero,0.43008474576271183,Native
anti-I-3,anti-I,3,E,hetero,0.8079978813559322,Native
anti-I-3,anti-I,3,F,hetero,0.9663665254237287,Native
anti-I-3,anti-I,3,G,hetero,0.1443326271186441,Native
anti-I-3,anti-I,3,H,hetero,0,Native
anti-I-3,anti-I,3,I,homo,1,Native
anti-I-3,anti-I,3,J,hetero,0.05985169491525425,Native
anti-I-3,anti-I,3,K,hetero,0.7200741525423728,Native
anti-I-3,anti-I,3,L,hetero,0.06753177966101692,Native
anti-I-3,anti-I,3,M,hetero,0.32574152542372886,Native
anti-I-3,anti-I,3,N,hetero,0.07203389830508475,Native
anti-I-3,anti-I,3,T,hetero,0.13135593220338984,Native
anti-I-3,anti-I,3,U,hetero,0.06276483050847456,Native
anti-J-3,anti-J,3,A,hetero,0.8579005797458986,Native
anti-J-3,anti-J,3,B,hetero,0.8792401628222525,Native
anti-J-3,anti-J,3,C,hetero,0.36931047243123233,Native
anti-J-3,anti-J,3,D,hetero,0.47539163685703717,Native
anti-J-3,anti-J,3,E,hetero,0.5168373010978167,Native
anti-J-3,anti-J,3,F,hetero,0.6998889848279266,Native
anti-J-3,anti-J,3,G,hetero,0.047736523991612205,Native
anti-J-3,anti-J,3,H,hetero,0.8598741828049834,Native
anti-J-3,anti-J,3,I,hetero,0.7278894782286913,Native
anti-J-3,anti-J,3,J,homo,1,Native
anti-J-3,anti-J,3,K,hetero,0.7763661033674605,Native
anti-J-3,anti-J,3,L,hetero,0.7498458122610091,Native
anti-J-3,anti-J,3,M,hetero,0.42025410139385727,Native
anti-J-3,anti-J,3,N,hetero,0,Native
anti-J-3,anti-J,3,T,hetero,0.5230048106574565,Native
anti-J-3,anti-J,3,U,hetero,0.231404958677686,Native
anti-K-3,anti-K,3,A,hetero,0.6816298342541435,Native
anti-K-3,anti-K,3,B,hetero,0.40573204419889547,Native
anti-K-3,anti-K,3,C,hetero,0.49723756906077377,Native
anti-K-3,anti-K,3,D,hetero,0.5366022099447512,Native
anti-K-3,anti-K,3,E,hetero,0.4502762430939228,Native
anti-K-3,anti-K,3,F,hetero,0.4540745856353596,Native
anti-K-3,anti-K,3,G,hetero,0.059737569060773786,Native
anti-K-3,anti-K,3,H,hetero,0.26346685082872934,Native
anti-K-3,anti-K,3,I,hetero,0.690262430939227,Native
anti-K-3,anti-K,3,J,hetero,0,Native
anti-K-3,anti-K,3,K,homo,1,Native
anti-K-3,anti-K,3,L,hetero,0.33287292817679565,Native
anti-K-3,anti-K,3,M,hetero,0.5452348066298346,Native
anti-K-3,anti-K,3,N,hetero,0.24861878453038688,Native
anti-K-3,anti-K,3,T,hetero,0.3332182320441989,Native
anti-K-3,anti-K,3,U,hetero,0.14640883977900546,Native
anti-M-3,anti-M,3,A,hetero,0,Native
anti-M-3,anti-M,3,B,hetero,0.0406589554854539,Native
anti-M-3,anti-M,3,C,hetero,0.051875219067648116,Native
anti-M-3,anti-M,3,D,hetero,0.020504731861198767,Native
anti-M-3,anti-M,3,E,hetero,0.11373992288818789,Native
anti-M-3,anti-M,3,F,hetero,0.8163336838415702,Native
anti-M-3,anti-M,3,G,hetero,0.0935856992639327,Native
anti-M-3,anti-M,3,H,hetero,0.09761654398878374,Native
anti-M-3,anti-M,3,I,hetero,0.05064844023834562,Native
anti-M-3,anti-M,3,J,hetero,0.8983526112863653,Native
anti-M-3,anti-M,3,K,hetero,0.26375744830003506,Native
anti-M-3,anti-M,3,L,hetero,0.011917280056081319,Native
anti-M-3,anti-M,3,M,homo,1,Native
anti-M-3,anti-M,3,N,hetero,0.02611286365229582,Native
anti-M-3,anti-M,3,T,hetero,0.44304241149667023,Native
anti-M-3,anti-M,3,U,hetero,0.03715387311601822,Native
anti-N-3,anti-N,3,A,hetero,0.4718829877875602,Native
anti-N-3,anti-N,3,B,hetero,0.7675376313547285,Native
anti-N-3,anti-N,3,C,hetero,0.4886395910252768,Native
anti-N-3,anti-N,3,D,hetero,0.24268673672252192,Native
anti-N-3,anti-N,3,E,hetero,0.43496165861971015,Native
anti-N-3,anti-N,3,F,hetero,0.3499005964214711,Native
anti-N-3,anti-N,3,G,hetero,0,Native
anti-N-3,anti-N,3,H,hetero,0.21584777051973858,Native
anti-N-3,anti-N,3,I,hetero,0.3446464072706616,Native
anti-N-3,anti-N,3,J,hetero,0.10991195683044576,Native
anti-N-3,anti-N,3,K,hetero,0.6867367225220107,Native
anti-N-3,anti-N,3,L,hetero,0.32902584493041737,Native
anti-N-3,anti-N,3,M,hetero,0.6326327747798919,Native
anti-N-3,anti-N,3,N,homo,1,Native
anti-N-3,anti-N,3,T,hetero,0.6164441919909117,Native
anti-N-3,anti-N,3,U,hetero,0.21826185742686727,Native
anti-T-3,anti-T,3,A,hetero,0.3023671751709627,Native
anti-T-3,anti-T,3,B,hetero,0.6780641767490795,Native
anti-T-3,anti-T,3,C,hetero,0.2740662809047871,Native
anti-T-3,anti-T,3,D,hetero,0.1793792740662809,Native
anti-T-3,anti-T,3,E,hetero,0.40946870068385066,Native
anti-T-3,anti-T,3,F,hetero,0.7403471856917413,Native
anti-T-3,anti-T,3,G,hetero,0,Native
anti-T-3,anti-T,3,H,hetero,0.34634402945818,Native
anti-T-3,anti-T,3,I,hetero,0.5766438716465019,Native
anti-T-3,anti-T,3,J,hetero,0.2509205681220411,Native
anti-T-3,anti-T,3,K,hetero,0.4664913203577065,Native
anti-T-3,anti-T,3,L,hetero,0.23019463440294582,Native
anti-T-3,anti-T,3,M,hetero,0.14971067859021567,Native
anti-T-3,anti-T,3,N,hetero,0.03524460810099951,Native
anti-T-3,anti-T,3,T,homo,1,Native
anti-T-3,anti-T,3,U,hetero,0.19978958442924774,Native
anti-U-3,anti-U,3,A,hetero,0.52046783625731,Native
anti-U-3,anti-U,3,B,hetero,0.5338837289301687,Native
anti-U-3,anti-U,3,C,hetero,0.30460956312349513,Native
anti-U-3,anti-U,3,D,hetero,0.17045063639490882,Native
anti-U-3,anti-U,3,E,hetero,0.3876848985208118,Native
anti-U-3,anti-U,3,F,hetero,0.2571379428964568,Native
anti-U-3,anti-U,3,G,hetero,0,Native
anti-U-3,anti-U,3,H,hetero,0.3101135190918473,Native
anti-U-3,anti-U,3,I,hetero,0.541279669762642,Native
anti-U-3,anti-U,3,J,hetero,0.3085655314757482,Native
anti-U-3,anti-U,3,K,hetero,0.40075679394564845,Native
anti-U-3,anti-U,3,L,hetero,0.3945648434812521,Native
anti-U-3,anti-U,3,M,hetero,0.23942208462332304,Native
anti-U-3,anti-U,3,N,hetero,0.0017199862401100809,Native
anti-U-3,anti-U,3,T,hetero,0.2801857585139318,Native
anti-U-3,anti-U,3,U,homo,1,Native
